address,date
上海市浦东新区板泉路2000弄,2022-04-26
上海市浦东新区板泉路2101弄,2022-04-26
上海市浦东新区北艾路862弄,2022-04-26
上海市浦东新区北蔡大街31弄,2022-04-26
上海市浦东新区北蔡镇北蔡村丁家宅,2022-04-26
上海市浦东新区北蔡镇南新村东钟家宅,2022-04-26
上海市浦东新区北蔡镇杨桥村蒋家队北季家宅,2022-04-26
上海市浦东新区北蔡镇一六村船舫队,2022-04-26
上海市浦东新区北蔡镇一六村油车队,2022-04-26
上海市浦东新区北蔡镇中界村陈家队陈家宅,2022-04-26
上海市浦东新区北蔡镇中界村复兴队陈家宅,2022-04-26
上海市浦东新区北蔡镇中界村复兴队顾家宅,2022-04-26
上海市浦东新区北蔡镇中界村黄家队黄家宅,2022-04-26
上海市浦东新区北蔡镇中界村陆家队陆家宅,2022-04-26
上海市浦东新区北蔡镇中界村沈家队沈家宅,2022-04-26
上海市浦东新区北蔡镇中界村沈家队姚家宅,2022-04-26
上海市浦东新区北蔡镇中界村庄家队蔡家宅,2022-04-26
上海市浦东新区北新园路350弄,2022-04-26
上海市浦东新区北新园路460弄,2022-04-26
上海市浦东新区北张家浜路188弄,2022-04-26
上海市浦东新区博华路1018弄,2022-04-26
上海市浦东新区博华路237弄,2022-04-26
上海市浦东新区博山东路811弄,2022-04-26
上海市浦东新区博山路12弄,2022-04-26
上海市浦东新区博山路200弄,2022-04-26
上海市浦东新区博山路78弄,2022-04-26
上海市浦东新区博兴路462弄,2022-04-26
上海市浦东新区博兴路465弄,2022-04-26
上海市浦东新区博兴路616弄,2022-04-26
上海市浦东新区博兴路760弄,2022-04-26
上海市浦东新区博兴路799弄,2022-04-26
上海市浦东新区博兴路986弄,2022-04-26
上海市浦东新区曹路镇东海村胡家宅,2022-04-26
上海市浦东新区曹路镇顾东村顾路老街,2022-04-26
上海市浦东新区曹路镇顾东村水洞港,2022-04-26
上海市浦东新区曹路镇顾东村吴家宅,2022-04-26
上海市浦东新区曹路镇顾东村新屋宅,2022-04-26
上海市浦东新区曹路镇光明村沙桥宅,2022-04-26
上海市浦东新区曹路镇光明村双盘宅,2022-04-26
上海市浦东新区曹路镇联合村路北宅,2022-04-26
上海市浦东新区曹路镇联合村路南宅,2022-04-26
上海市浦东新区曹路镇联合村西浜宅,2022-04-26
上海市浦东新区曹路镇民建村北邵家宅,2022-04-26
上海市浦东新区曹路镇日新村北万家宅,2022-04-26
上海市浦东新区曹路镇日新村龚家宅,2022-04-26
上海市浦东新区曹路镇日新村南万家宅,2022-04-26
上海市浦东新区曹路镇日新村杨薛家宅,2022-04-26
上海市浦东新区曹路镇五四村沈孙家宅,2022-04-26
上海市浦东新区曹路镇新华村新宅,2022-04-26
上海市浦东新区曹路镇新星村胡家宅,2022-04-26
上海市浦东新区曹路镇新星村黄家圈,2022-04-26
上海市浦东新区曹路镇星火村,2022-04-26
上海市浦东新区曹路镇迅建村蔡家宅,2022-04-26
上海市浦东新区曹路镇迅建村撑圩村,2022-04-26
上海市浦东新区曹路镇迅建村黄家宅南,2022-04-26
上海市浦东新区曹路镇永乐村曹家油车,2022-04-26
上海市浦东新区曹路镇永乐村钱家宅,2022-04-26
上海市浦东新区曹路镇永利村冯家宅,2022-04-26
上海市浦东新区草高支路170弄,2022-04-26
上海市浦东新区长岛路1203弄,2022-04-26
上海市浦东新区长岛路1280弄,2022-04-26
上海市浦东新区长岛路1560弄,2022-04-26
上海市浦东新区长岛路823弄,2022-04-26
上海市浦东新区长岛路99号,2022-04-26
上海市浦东新区长清路119弄,2022-04-26
上海市浦东新区长清路773弄,2022-04-26
上海市浦东新区长清路807弄,2022-04-26
上海市浦东新区长清路94号工地生活区,2022-04-26
上海市浦东新区昌里东路395弄,2022-04-26
上海市浦东新区昌里东路411弄,2022-04-26
上海市浦东新区昌里东路650弄,2022-04-26
上海市浦东新区昌里东路675弄,2022-04-26
上海市浦东新区昌里东路71弄,2022-04-26
上海市浦东新区昌里路167弄,2022-04-26
上海市浦东新区昌邑路55弄,2022-04-26
上海市浦东新区陈春路620弄,2022-04-26
上海市浦东新区陈邵路103号工地生活区,2022-04-26
上海市浦东新区成山路1488弄,2022-04-26
上海市浦东新区成山路2008弄,2022-04-26
上海市浦东新区成山路24弄,2022-04-26
上海市浦东新区成山路544弄,2022-04-26
上海市浦东新区成山路608弄,2022-04-26
上海市浦东新区成山路668弄,2022-04-26
上海市浦东新区城南路555弄,2022-04-26
上海市浦东新区川北公路3056号,2022-04-26
上海市浦东新区川环南路918弄,2022-04-26
上海市浦东新区川沙路1666弄,2022-04-26
上海市浦东新区川沙路4586弄,2022-04-26
上海市浦东新区川沙路4650弄,2022-04-26
上海市浦东新区川沙新镇陈桥村,2022-04-26
上海市浦东新区川沙新镇陈行村东陈家宅,2022-04-26
上海市浦东新区川沙新镇陈行村张家宅,2022-04-26
上海市浦东新区川沙新镇杜尹村,2022-04-26
上海市浦东新区川沙新镇果园村,2022-04-26
上海市浦东新区川沙新镇华路村瞿家宅,2022-04-26
上海市浦东新区川沙新镇栏杆村奚家宅,2022-04-26
上海市浦东新区川沙新镇栏杆村周家宅,2022-04-26
上海市浦东新区川沙新镇鹿溪村,2022-04-26
上海市浦东新区川沙新镇吴店村郭家宅,2022-04-26
上海市浦东新区川沙新镇药师村,2022-04-26
上海市浦东新区川沙新镇长丰村杨家宅,2022-04-26
上海市浦东新区川周公路2788号生活区,2022-04-26
上海市浦东新区川周路8288弄,2022-04-26
上海市浦东新区川周路8682弄,2022-04-26
上海市浦东新区创新西路199弄,2022-04-26
上海市浦东新区创新西路75弄,2022-04-26
上海市浦东新区创新中路593弄,2022-04-26
上海市浦东新区大同路1010弄,2022-04-26
上海市浦东新区大团镇赵桥村,2022-04-26
上海市浦东新区德平路100弄,2022-04-26
上海市浦东新区德平路25弄,2022-04-26
上海市浦东新区德州路150弄,2022-04-26
上海市浦东新区德州路255弄,2022-04-26
上海市浦东新区德州路262号,2022-04-26
上海市浦东新区德州路295弄,2022-04-26
上海市浦东新区德州路380弄,2022-04-26
上海市浦东新区德州路420弄,2022-04-26
上海市浦东新区东波路195弄,2022-04-26
上海市浦东新区东波路49弄,2022-04-26
上海市浦东新区东波路585弄,2022-04-26
上海市浦东新区东昌新村,2022-04-26
上海市浦东新区东方路1369号,2022-04-26
上海市浦东新区东高路26弄,2022-04-26
上海市浦东新区东海二村,2022-04-26
上海市浦东新区东环龙路181弄,2022-04-26
上海市浦东新区东靖路315弄,2022-04-26
上海市浦东新区东靖路393弄,2022-04-26
上海市浦东新区东靖路626弄,2022-04-26
上海市浦东新区东靖路669弄,2022-04-26
上海市浦东新区东陆路1018弄,2022-04-26
上海市浦东新区东陆路1268弄,2022-04-26
上海市浦东新区东三街102弄,2022-04-26
上海市浦东新区东三里桥路160弄,2022-04-26
上海市浦东新区东三里桥路170弄,2022-04-26
上海市浦东新区东三里桥路79弄,2022-04-26
上海市浦东新区东书房路390弄,2022-04-26
上海市浦东新区东书房路560弄,2022-04-26
上海市浦东新区东塘路222弄,2022-04-26
上海市浦东新区东绣路1155弄,2022-04-26
上海市浦东新区东义路21弄,2022-04-26
上海市浦东新区东园四村,2022-04-26
上海市浦东新区杜鹃路55弄,2022-04-26
上海市浦东新区峨山路187弄,2022-04-26
上海市浦东新区峨山路605弄,2022-04-26
上海市浦东新区峨山路681弄,2022-04-26
上海市浦东新区繁荣东路159弄,2022-04-26
上海市浦东新区方竹路222弄,2022-04-26
上海市浦东新区芳草路253弄,2022-04-26
上海市浦东新区芳草路258号,2022-04-26
上海市浦东新区芳草路352弄,2022-04-26
上海市浦东新区芳甸路333弄,2022-04-26
上海市浦东新区芳华路455弄,2022-04-26
上海市浦东新区芳华路478弄,2022-04-26
上海市浦东新区芳华路573弄,2022-04-26
上海市浦东新区芳华路63号,2022-04-26
上海市浦东新区芳华路916弄,2022-04-26
上海市浦东新区芳华路933弄,2022-04-26
上海市浦东新区芳华路9弄,2022-04-26
上海市浦东新区芳芯路210弄,2022-04-26
上海市浦东新区芳芯路363弄,2022-04-26
上海市浦东新区高宝路379弄,2022-04-26
上海市浦东新区高宝路528弄,2022-04-26
上海市浦东新区高东二路47弄,2022-04-26
上海市浦东新区高东新路500弄,2022-04-26
上海市浦东新区高东镇革新村周家桥,2022-04-26
上海市浦东新区高东镇珊黄村苍头宅,2022-04-26
上海市浦东新区高东镇先锋村王朱家宅,2022-04-26
上海市浦东新区高东镇踊跃村东孙家沟,2022-04-26
上海市浦东新区高荷路428号,2022-04-26
上海市浦东新区高科东路500弄,2022-04-26
上海市浦东新区高科西路2960弄,2022-04-26
上海市浦东新区高科西路3030弄,2022-04-26
上海市浦东新区高桥镇陆凌村西凌家宅,2022-04-26
上海市浦东新区高桥镇南塘村龚家宅,2022-04-26
上海市浦东新区高桥镇南塘村顾家宅,2022-04-26
上海市浦东新区高桥镇南塘村姚家宅,2022-04-26
上海市浦东新区高桥镇三岔港村草高路宅,2022-04-26
上海市浦东新区高桥镇三岔港村三岔港,2022-04-26
上海市浦东新区高桥镇西浜头,2022-04-26
上海市浦东新区高青路2878弄,2022-04-26
上海市浦东新区高青路4567弄,2022-04-26
上海市浦东新区高翔环路562号,2022-04-26
上海市浦东新区龚丰路576弄,2022-04-26
上海市浦东新区龚华路425弄,2022-04-26
上海市浦东新区龚华路479弄,2022-04-26
上海市浦东新区龚华路50弄,2022-04-26
上海市浦东新区龚新路549弄,2022-04-26
上海市浦东新区拱海路79弄,2022-04-26
上海市浦东新区拱乐路2400弄,2022-04-26
上海市浦东新区古桐南路117弄,2022-04-26
上海市浦东新区古棕路168弄,2022-04-26
上海市浦东新区顾唐路3281弄,2022-04-26
上海市浦东新区崮山路157号,2022-04-26
上海市浦东新区崮山路717号,2022-04-26
上海市浦东新区崮山路968号,2022-04-26
上海市浦东新区观海路1118弄,2022-04-26
上海市浦东新区光泽路429弄,2022-04-26
上海市浦东新区国展路767号工地生活区,2022-04-26
上海市浦东新区海春路150弄,2022-04-26
上海市浦东新区海鸣路顾如路交界口工地生活区,2022-04-26
上海市浦东新区海鹏路380弄,2022-04-26
上海市浦东新区海顺路359弄,2022-04-26
上海市浦东新区海松路52弄,2022-04-26
上海市浦东新区海阳路1065弄,2022-04-26
上海市浦东新区海阳路1080弄,2022-04-26
上海市浦东新区航昌路376弄,2022-04-26
上海市浦东新区航昌路489弄,2022-04-26
上海市浦东新区航鹤路1858弄,2022-04-26
上海市浦东新区航梅路525弄,2022-04-26
上海市浦东新区航三路航吉路交界口工地生活区,2022-04-26
上海市浦东新区航头镇福善村飞桥,2022-04-26
上海市浦东新区航头镇果园村航西,2022-04-26
上海市浦东新区航头镇果园村倪桥,2022-04-26
上海市浦东新区航头镇鹤东村沙东,2022-04-26
上海市浦东新区航头镇鹤东村沿江,2022-04-26
上海市浦东新区航头镇鹤鸣村许冯,2022-04-26
上海市浦东新区航头镇梅园村沙北,2022-04-26
上海市浦东新区航头镇牌楼村谈弄,2022-04-26
上海市浦东新区航头镇沈庄村大桥,2022-04-26
上海市浦东新区合庆镇蔡路村东蔡家宅,2022-04-26
上海市浦东新区合庆镇蔡路村杨家宅,2022-04-26
上海市浦东新区合庆镇大星村尹家宅,2022-04-26
上海市浦东新区合庆镇东风村曹家宅,2022-04-26
上海市浦东新区合庆镇共一村包家宅,2022-04-26
上海市浦东新区合庆镇共一村张家宅,2022-04-26
上海市浦东新区合庆镇勤奋村九队新村,2022-04-26
上海市浦东新区合庆镇勤俭村北杨家宅,2022-04-26
上海市浦东新区合庆镇庆丰村顾家宅,2022-04-26
上海市浦东新区合庆镇奚家村卫家宅,2022-04-26
上海市浦东新区和炯路501弄,2022-04-26
上海市浦东新区和龙路371弄,2022-04-26
上海市浦东新区和龙路55弄,2022-04-26
上海市浦东新区菏泽路567弄,2022-04-26
上海市浦东新区鹤洁路346弄,2022-04-26
上海市浦东新区鹤洁路625弄,2022-04-26
上海市浦东新区鹤沙路588弄,2022-04-26
上海市浦东新区鹤永路750弄,2022-04-26
上海市浦东新区鹤永路751弄,2022-04-26
上海市浦东新区洪山路121弄,2022-04-26
上海市浦东新区洪山路1889弄,2022-04-26
上海市浦东新区洪山路237弄,2022-04-26
上海市浦东新区沪南公路3150弄,2022-04-26
上海市浦东新区沪南公路4699弄工地生活区,2022-04-26
上海市浦东新区沪南路1168弄,2022-04-26
上海市浦东新区沪南路1391弄,2022-04-26
上海市浦东新区沪南路2000号,2022-04-26
上海市浦东新区沪南路3219弄,2022-04-26
上海市浦东新区沪南路3468弄,2022-04-26
上海市浦东新区花木街道龙王庙村南杨家堂,2022-04-26
上海市浦东新区花山路796弄,2022-04-26
上海市浦东新区华丰路50弄,2022-04-26
上海市浦东新区华丰路51弄,2022-04-26
上海市浦东新区华夏东路1881弄,2022-04-26
上海市浦东新区华夏东路2345弄,2022-04-26
上海市浦东新区华绣路179弄,2022-04-26
上海市浦东新区华绣路255弄,2022-04-26
上海市浦东新区环林东路875弄,2022-04-26
上海市浦东新区环林东路879弄,2022-04-26
上海市浦东新区环林西路613弄,2022-04-26
上海市浦东新区环林西路618弄,2022-04-26
上海市浦东新区环龙路259弄,2022-04-26
上海市浦东新区环龙路439弄,2022-04-26
上海市浦东新区环桥路1481弄,2022-04-26
上海市浦东新区环庆南路508弄,2022-04-26
上海市浦东新区环镇东路200弄,2022-04-26
上海市浦东新区惠南镇黄路村富强,2022-04-26
上海市浦东新区惠南镇惠东村,2022-04-26
上海市浦东新区惠南镇陆楼村长路,2022-04-26
上海市浦东新区惠南镇团结村,2022-04-26
上海市浦东新区惠南镇徐庙村,2022-04-26
上海市浦东新区吉灿路17弄,2022-04-26
上海市浦东新区季景北路180弄,2022-04-26
上海市浦东新区季景路19弄,2022-04-26
上海市浦东新区济阳路65弄,2022-04-26
上海市浦东新区江东路25号,2022-04-26
上海市浦东新区江高路118弄,2022-04-26
上海市浦东新区江耀路123弄,2022-04-26
上海市浦东新区金高路1058弄,2022-04-26
上海市浦东新区金高路2131弄,2022-04-26
上海市浦东新区金沪路1218弄,2022-04-26
上海市浦东新区金口路53弄,2022-04-26
上海市浦东新区金桥路1490弄,2022-04-26
上海市浦东新区金桥路1506弄,2022-04-26
上海市浦东新区金桥路226弄,2022-04-26
上海市浦东新区金桥路2552弄,2022-04-26
上海市浦东新区金桥路2618号,2022-04-26
上海市浦东新区金桥路989弄,2022-04-26
上海市浦东新区金皖路55号工地生活区,2022-04-26
上海市浦东新区金杨路220弄,2022-04-26
上海市浦东新区金杨路660弄,2022-04-26
上海市浦东新区金杨路785弄,2022-04-26
上海市浦东新区金豫路100号,2022-04-26
上海市浦东新区金钻路398弄,2022-04-26
上海市浦东新区锦和路289弄,2022-04-26
上海市浦东新区锦绣路1650弄,2022-04-26
上海市浦东新区锦绣路3336弄,2022-04-26
上海市浦东新区锦绣路3338弄,2022-04-26
上海市浦东新区京浦路160弄,2022-04-26
上海市浦东新区京浦路82弄,2022-04-26
上海市浦东新区泾东一村,2022-04-26
上海市浦东新区居家桥路199弄,2022-04-26
上海市浦东新区居家桥路19弄,2022-04-26
上海市浦东新区巨峰路176弄,2022-04-26
上海市浦东新区巨峰路399弄,2022-04-26
上海市浦东新区巨峰路667弄,2022-04-26
上海市浦东新区巨峰路997弄,2022-04-26
上海市浦东新区巨野路482弄,2022-04-26
上海市浦东新区康达路688弄,2022-04-26
上海市浦东新区康桥路90弄,2022-04-26
上海市浦东新区康桥镇花墙村,2022-04-26
上海市浦东新区康桥镇火箭村,2022-04-26
上海市浦东新区康桥镇人南村,2022-04-26
上海市浦东新区康桥镇营房村,2022-04-26
上海市浦东新区康沈路250弄,2022-04-26
上海市浦东新区康沈路465弄,2022-04-26
上海市浦东新区康士路15弄,2022-04-26
上海市浦东新区康梧路189号工地生活区,2022-04-26
上海市浦东新区康新公路79号,2022-04-26
上海市浦东新区康泽路秀海路交界口工地生活区,2022-04-26
上海市浦东新区莱阳路2328弄,2022-04-26
上海市浦东新区莱阳路301弄,2022-04-26
上海市浦东新区莱阳路350弄,2022-04-26
上海市浦东新区莱阳路3777弄,2022-04-26
上海市浦东新区莱阳路880弄,2022-04-26
上海市浦东新区兰城路115弄,2022-04-26
上海市浦东新区兰嵩路360弄,2022-04-26
上海市浦东新区蓝村路471弄,2022-04-26
上海市浦东新区蓝村路60弄,2022-04-26
上海市浦东新区崂山路502号,2022-04-26
上海市浦东新区崂山路551弄,2022-04-26
上海市浦东新区崂山路645弄,2022-04-26
上海市浦东新区崂山四村,2022-04-26
上海市浦东新区老港镇大河村港南,2022-04-26
上海市浦东新区历城路100弄,2022-04-26
上海市浦东新区历城路22弄,2022-04-26
上海市浦东新区利川路421弄,2022-04-26
上海市浦东新区利津路185弄,2022-04-26
上海市浦东新区利津路385弄,2022-04-26
上海市浦东新区莲安东路243弄,2022-04-26
上海市浦东新区莲溪路1099弄,2022-04-26
上海市浦东新区莲溪路126弄,2022-04-26
上海市浦东新区莲溪路550弄,2022-04-26
上海市浦东新区林悦路125弄,2022-04-26
上海市浦东新区林展路411弄,2022-04-26
上海市浦东新区临沂北路100弄,2022-04-26
上海市浦东新区临沂路181弄,2022-04-26
上海市浦东新区临沂路280弄,2022-04-26
上海市浦东新区临沂路8弄,2022-04-26
上海市浦东新区临沂路98号,2022-04-26
上海市浦东新区灵山路1390弄,2022-04-26
上海市浦东新区灵山路1415弄,2022-04-26
上海市浦东新区灵山路1671弄,2022-04-26
上海市浦东新区灵山路1840弄,2022-04-26
上海市浦东新区灵岩路56弄,2022-04-26
上海市浦东新区灵岩南路144号,2022-04-26
上海市浦东新区灵岩南路156弄,2022-04-26
上海市浦东新区灵岩南路380弄,2022-04-26
上海市浦东新区铃兰路杞青路交界口工地生活区,2022-04-26
上海市浦东新区凌河路188弄,2022-04-26
上海市浦东新区凌河路38弄,2022-04-26
上海市浦东新区凌河路420弄,2022-04-26
上海市浦东新区凌空北路东靖路交界口工地生活区,2022-04-26
上海市浦东新区凌兆路285弄,2022-04-26
上海市浦东新区凌兆路379弄,2022-04-26
上海市浦东新区凌兆路586弄,2022-04-26
上海市浦东新区柳埠路135弄,2022-04-26
上海市浦东新区龙东大道3166号,2022-04-26
上海市浦东新区龙东大道5401弄,2022-04-26
上海市浦东新区龙汇路168号工地生活区,2022-04-26
上海市浦东新区龙阳路1188号,2022-04-26
上海市浦东新区龙阳路1880弄,2022-04-26
上海市浦东新区罗山路108弄,2022-04-26
上海市浦东新区罗山路1502弄,2022-04-26
上海市浦东新区罗山路4088弄,2022-04-26
上海市浦东新区绿林路320弄,2022-04-26
上海市浦东新区绿林路50弄,2022-04-26
上海市浦东新区茂兴路98号,2022-04-26
上海市浦东新区苗圃路112弄,2022-04-26
上海市浦东新区苗圃路218弄,2022-04-26
上海市浦东新区妙境路162弄,2022-04-26
上海市浦东新区民冬路169号生活区,2022-04-26
上海市浦东新区民唐路秦家港路交界口工地生活区,2022-04-26
上海市浦东新区民同路40弄,2022-04-26
上海市浦东新区民耀路268弄,2022-04-26
上海市浦东新区民耀路358弄,2022-04-26
上海市浦东新区民耀路97弄,2022-04-26
上海市浦东新区牡丹路145弄,2022-04-26
上海市浦东新区牡丹路340弄,2022-04-26
上海市浦东新区南码头路1316弄,2022-04-26
上海市浦东新区南码头路144弄,2022-04-26
上海市浦东新区南码头路1453弄,2022-04-26
上海市浦东新区南码头路260弄,2022-04-26
上海市浦东新区南码头路450弄,2022-04-26
上海市浦东新区南码头路551弄,2022-04-26
上海市浦东新区南门路150弄,2022-04-26
上海市浦东新区南桥路237弄,2022-04-26
上海市浦东新区南桥路86弄,2022-04-26
上海市浦东新区南泉北路101弄,2022-04-26
上海市浦东新区南泉路1211弄,2022-04-26
上海市浦东新区泥城镇彭庙村学士,2022-04-26
上海市浦东新区年家浜路28弄,2022-04-26
上海市浦东新区宁阳路14弄,2022-04-26
上海市浦东新区农科路21弄,2022-04-26
上海市浦东新区欧高路138弄,2022-04-26
上海市浦东新区鹏飞路333弄,2022-04-26
上海市浦东新区鹏岳路152弄,2022-04-26
上海市浦东新区鹏岳路233弄,2022-04-26
上海市浦东新区浦城路580弄,2022-04-26
上海市浦东新区浦电路149弄,2022-04-26
上海市浦东新区浦电路221号,2022-04-26
上海市浦东新区浦电路29弄,2022-04-26
上海市浦东新区浦电路330弄,2022-04-26
上海市浦东新区浦电路48弄,2022-04-26
上海市浦东新区浦东北路4588弄,2022-04-26
上海市浦东新区浦东大道136弄,2022-04-26
上海市浦东新区浦东大道140弄,2022-04-26
上海市浦东新区浦东大道1558号工地生活区,2022-04-26
上海市浦东新区浦东大道1851弄,2022-04-26
上海市浦东新区浦东大道2511弄,2022-04-26
上海市浦东新区浦东大道2778弄,2022-04-26
上海市浦东新区浦东大道2894号,2022-04-26
上海市浦东新区浦东大道2970弄,2022-04-26
上海市浦东新区浦东大道3036弄,2022-04-26
上海市浦东新区浦东大道604弄,2022-04-26
上海市浦东新区浦东大道637号,2022-04-26
上海市浦东新区浦东南路1288号,2022-04-26
上海市浦东新区浦东南路1399号,2022-04-26
上海市浦东新区浦东南路1449号,2022-04-26
上海市浦东新区浦东南路1533号,2022-04-26
上海市浦东新区浦东南路1700弄,2022-04-26
上海市浦东新区浦东南路1862弄,2022-04-26
上海市浦东新区浦东南路2192弄,2022-04-26
上海市浦东新区浦东南路2351弄,2022-04-26
上海市浦东新区浦东南路2362号,2022-04-26
上海市浦东新区浦东南路2366号,2022-04-26
上海市浦东新区浦东南路3405弄,2022-04-26
上海市浦东新区浦东南路3606弄,2022-04-26
上海市浦东新区浦东南路3643弄,2022-04-26
上海市浦东新区浦东南路3666弄,2022-04-26
上海市浦东新区浦东南路3905弄,2022-04-26
上海市浦东新区浦东南路978号,2022-04-26
上海市浦东新区浦建路1086弄,2022-04-26
上海市浦东新区浦建路60弄,2022-04-26
上海市浦东新区浦建路729号,2022-04-26
上海市浦东新区浦建路83弄,2022-04-26
上海市浦东新区浦明路1188弄,2022-04-26
上海市浦东新区浦明路258弄,2022-04-26
上海市浦东新区浦三路12弄,2022-04-26
上海市浦东新区浦三路2801弄,2022-04-26
上海市浦东新区浦三路657号,2022-04-26
上海市浦东新区浦三路817弄,2022-04-26
上海市浦东新区浦三路秀浦路交界口工地生活区,2022-04-26
上海市浦东新区普庆路301弄,2022-04-26
上海市浦东新区栖山路100弄,2022-04-26
上海市浦东新区栖山路1636弄,2022-04-26
上海市浦东新区栖山路1689弄,2022-04-26
上海市浦东新区栖山路1876弄,2022-04-26
上海市浦东新区栖山路1899弄,2022-04-26
上海市浦东新区栖山路400弄,2022-04-26
上海市浦东新区栖山路401弄,2022-04-26
上海市浦东新区栖山路465弄,2022-04-26
上海市浦东新区栖霞路190弄,2022-04-26
上海市浦东新区齐河路28弄,2022-04-26
上海市浦东新区齐河路438弄,2022-04-26
上海市浦东新区千汇路1000弄,2022-04-26
上海市浦东新区千汇路581弄,2022-04-26
上海市浦东新区清溪路365弄,2022-04-26
上海市浦东新区清溪路400弄,2022-04-26
上海市浦东新区庆利路425弄,2022-04-26
上海市浦东新区人民东路2437弄,2022-04-26
上海市浦东新区乳山路114弄,2022-04-26
上海市浦东新区瑞安路211弄,2022-04-26
上海市浦东新区瑞福路52弄,2022-04-26
上海市浦东新区瑞和路269弄,2022-04-26
上海市浦东新区瑞浦路611弄,2022-04-26
上海市浦东新区瑞浦路8弄,2022-04-26
上海市浦东新区瑞阳路351弄,2022-04-26
上海市浦东新区瑞意路399弄,2022-04-26
上海市浦东新区三林路1466弄,2022-04-26
上海市浦东新区三林路1662弄,2022-04-26
上海市浦东新区三林路168号,2022-04-26
上海市浦东新区三林路184号,2022-04-26
上海市浦东新区三林路235号,2022-04-26
上海市浦东新区三林路380号,2022-04-26
上海市浦东新区三林路788弄,2022-04-26
上海市浦东新区三林路88弄,2022-04-26
上海市浦东新区三林镇红旗村东桥队毛家塘,2022-04-26
上海市浦东新区三林镇胡巷村东朱家宅,2022-04-26
上海市浦东新区三林镇胡巷村金家宅,2022-04-26
上海市浦东新区三林镇胡巷村马家宅,2022-04-26
上海市浦东新区三林镇胡巷村张家宅,2022-04-26
上海市浦东新区三林镇金光村陆家湾队陆家湾,2022-04-26
上海市浦东新区三林镇联丰村顾家队顾家宅,2022-04-26
上海市浦东新区三林镇临江村临江队王家渡,2022-04-26
上海市浦东新区三林镇临江村庞家队庞家宅,2022-04-26
上海市浦东新区三林镇临江村泰保队泰保堂,2022-04-26
上海市浦东新区三林镇临江村王家宅队王家宅,2022-04-26
上海市浦东新区三林镇临江村益民队小金家宅,2022-04-26
上海市浦东新区三林镇临江村张塘队塘湾宅,2022-04-26
上海市浦东新区三林镇临江村周南队庞信隆,2022-04-26
上海市浦东新区三林镇临江村周南队周家宅,2022-04-26
上海市浦东新区三林镇南阜村东汤队东汤家宅,2022-04-26
上海市浦东新区三林镇南阜村红光队顾家宅,2022-04-26
上海市浦东新区三林镇三林村镇前队金家宅,2022-04-26
上海市浦东新区三林镇天花庵村北陈队大陈家宅,2022-04-26
上海市浦东新区三林镇天花庵村东瞿队大瞿家宅,2022-04-26
上海市浦东新区三林镇天花庵村乐耕队,2022-04-26
上海市浦东新区三林镇天花庵村闵北队闵家宅,2022-04-26
上海市浦东新区三林镇天花庵村南陈队大陈家宅,2022-04-26
上海市浦东新区三林镇天花庵村南王家队南王家宅,2022-04-26
上海市浦东新区三林镇天花庵村南周家队大周家宅,2022-04-26
上海市浦东新区三林镇天花庵村卫家队,2022-04-26
上海市浦东新区三林镇天花庵村西瞿队大瞿家宅,2022-04-26
上海市浦东新区三林镇西林村圈门队西林街,2022-04-26
上海市浦东新区三林镇新春村陈桥队陈家桥,2022-04-26
上海市浦东新区三林镇新春村方家队方巷,2022-04-26
上海市浦东新区三林镇新春村方家队许家宅,2022-04-26
上海市浦东新区三林镇新任村,2022-04-26
上海市浦东新区三林镇懿德村吴家队吴家宅,2022-04-26
上海市浦东新区三林镇懿德村小陈家队小陈家宅,2022-04-26
上海市浦东新区三林镇中林村三林桥队天打桥,2022-04-26
上海市浦东新区三林镇中林村小中林队小中林,2022-04-26
上海市浦东新区商城路1317弄,2022-04-26
上海市浦东新区上南路1000弄,2022-04-26
上海市浦东新区上南路1251弄,2022-04-26
上海市浦东新区上南路1500弄,2022-04-26
上海市浦东新区上南路1551弄,2022-04-26
上海市浦东新区上南路3521号,2022-04-26
上海市浦东新区上南路3651弄,2022-04-26
上海市浦东新区上南路3899弄,2022-04-26
上海市浦东新区上南路4071弄,2022-04-26
上海市浦东新区上南路4185弄,2022-04-26
上海市浦东新区上南路4265弄,2022-04-26
上海市浦东新区上南路6500弄,2022-04-26
上海市浦东新区上南路6555弄,2022-04-26
上海市浦东新区上浦路606弄,2022-04-26
上海市浦东新区尚博路650弄,2022-04-26
上海市浦东新区申江路985弄,2022-04-26
上海市浦东新区申启路轲桥路交界口工地生活区,2022-04-26
上海市浦东新区沈家弄路900弄,2022-04-26
上海市浦东新区沈家弄路936号,2022-04-26
上海市浦东新区沈梅路123弄,2022-04-26
上海市浦东新区盛荣路288弄,2022-04-26
上海市浦东新区世博家园大道站路94弄,2022-04-26
上海市浦东新区双桥路1108弄,2022-04-26
上海市浦东新区硕川路125弄,2022-04-26
上海市浦东新区思浦路13弄,2022-04-26
上海市浦东新区思浦路17弄,2022-04-26
上海市浦东新区孙建路665弄,2022-04-26
上海市浦东新区孙农路397弄,2022-04-26
上海市浦东新区孙桥路788号工地生活区,2022-04-26
上海市浦东新区台儿庄路663弄,2022-04-26
上海市浦东新区唐镇大众村包家宅,2022-04-26
上海市浦东新区唐镇大众村小包新村,2022-04-26
上海市浦东新区唐镇大众村中心新村,2022-04-26
上海市浦东新区唐镇虹三村龚家宅,2022-04-26
上海市浦东新区唐镇虹四村卫家宅,2022-04-26
上海市浦东新区唐镇虹四村吴张家宅,2022-04-26
上海市浦东新区唐镇吕三村东蒋家宅,2022-04-26
上海市浦东新区唐镇吕三村三林新村,2022-04-26
上海市浦东新区唐镇民丰村东龚家宅,2022-04-26
上海市浦东新区唐镇民丰村李家宅,2022-04-26
上海市浦东新区唐镇暮二村顾家宅,2022-04-26
上海市浦东新区唐镇暮二村小丁家宅,2022-04-26
上海市浦东新区唐镇前进村顾家宅,2022-04-26
上海市浦东新区唐镇前进村西李家宅,2022-04-26
上海市浦东新区唐镇唐四村费家宅,2022-04-26
上海市浦东新区唐镇小湾村北街,2022-04-26
上海市浦东新区唐镇小湾村张家宅,2022-04-26
上海市浦东新区唐镇新虹村刘家宅,2022-04-26
上海市浦东新区唐镇新虹村陆家宅,2022-04-26
上海市浦东新区唐镇新虹村缪家宅,2022-04-26
上海市浦东新区唐镇一心村缪家宅,2022-04-26
上海市浦东新区唐镇一心村袁家宅,2022-04-26
上海市浦东新区唐镇一心村朱家宅,2022-04-26
上海市浦东新区塘南路159弄,2022-04-26
上海市浦东新区塘桥路400弄,2022-04-26
上海市浦东新区塘桥路551号,2022-04-26
上海市浦东新区听民路242弄,2022-04-26
上海市浦东新区听悦路685弄,2022-04-26
上海市浦东新区听悦路686弄,2022-04-26
上海市浦东新区晚霞路715弄,2022-04-26
上海市浦东新区万安街333弄,2022-04-26
上海市浦东新区万德路45弄,2022-04-26
上海市浦东新区万德路67弄,2022-04-26
上海市浦东新区王桥街41弄,2022-04-26
上海市浦东新区微山二村,2022-04-26
上海市浦东新区潍坊路154弄,2022-04-26
上海市浦东新区潍坊路208弄,2022-04-26
上海市浦东新区潍坊路278号,2022-04-26
上海市浦东新区潍坊路328号工地生活区,2022-04-26
上海市浦东新区潍坊路716号,2022-04-26
上海市浦东新区潍坊新村,2022-04-26
上海市浦东新区五莲路100弄,2022-04-26
上海市浦东新区五莲路108弄,2022-04-26
上海市浦东新区五莲路30弄,2022-04-26
上海市浦东新区五莲路759弄,2022-04-26
上海市浦东新区五莲路780弄,2022-04-26
上海市浦东新区五星路239弄,2022-04-26
上海市浦东新区西门路450弄,2022-04-26
上海市浦东新区西三里桥路9弄,2022-04-26
上海市浦东新区西泰林路901弄,2022-04-26
上海市浦东新区西营路33弄,2022-04-26
上海市浦东新区西营南路11弄,2022-04-26
上海市浦东新区西营南路17弄,2022-04-26
上海市浦东新区西营南路18弄,2022-04-26
上海市浦东新区下南路1071弄,2022-04-26
上海市浦东新区下南路161弄,2022-04-26
上海市浦东新区下南路276弄,2022-04-26
上海市浦东新区下南路309弄,2022-04-26
上海市浦东新区下南路320弄,2022-04-26
上海市浦东新区下南路339弄,2022-04-26
上海市浦东新区下南路500弄,2022-04-26
上海市浦东新区下南路526弄,2022-04-26
上海市浦东新区下沙街北桥弄,2022-04-26
上海市浦东新区小园浜路88弄,2022-04-26
上海市浦东新区新场镇金建村长桥,2022-04-26
上海市浦东新区新场镇坦西村,2022-04-26
上海市浦东新区新场镇新卫村,2022-04-26
上海市浦东新区新场镇祝桥村,2022-04-26
上海市浦东新区新村路59弄,2022-04-26
上海市浦东新区新德路330弄,2022-04-26
上海市浦东新区新德西路207弄,2022-04-26
上海市浦东新区新德西路508弄,2022-04-26
上海市浦东新区新德西路511弄,2022-04-26
上海市浦东新区新金桥路1568号,2022-04-26
上海市浦东新区新浦路199弄,2022-04-26
上海市浦东新区新浦路251弄,2022-04-26
上海市浦东新区新浦路543弄,2022-04-26
上海市浦东新区新浦路629弄,2022-04-26
上海市浦东新区新元南路正茂路交界口工地生活区,2022-04-26
上海市浦东新区秀浦路3188号,2022-04-26
上海市浦东新区秀沿路1028弄,2022-04-26
上海市浦东新区秀沿路3668号,2022-04-26
上海市浦东新区秀沿路苗桥路交界口工地生活区,2022-04-26
上海市浦东新区宣桥镇光明村,2022-04-26
上海市浦东新区雪野二路246号工地生活区,2022-04-26
上海市浦东新区雪野路34弄,2022-04-26
上海市浦东新区严民路40弄,2022-04-26
上海市浦东新区严桥路58弄,2022-04-26
上海市浦东新区严杨路165弄,2022-04-26
上海市浦东新区严杨路30弄,2022-04-26
上海市浦东新区严镇路75弄,2022-04-26
上海市浦东新区严中路173弄,2022-04-26
上海市浦东新区严中路373弄,2022-04-26
上海市浦东新区杨高北路4705弄,2022-04-26
上海市浦东新区杨高南路2140弄,2022-04-26
上海市浦东新区杨高南路3288弄,2022-04-26
上海市浦东新区杨高南路3340弄,2022-04-26
上海市浦东新区杨高南路5055弄,2022-04-26
上海市浦东新区杨高南路5777弄,2022-04-26
上海市浦东新区杨高中路10弄,2022-04-26
上海市浦东新区杨高中路750弄,2022-04-26
上海市浦东新区杨高中路758号,2022-04-26
上海市浦东新区杨莲路310弄,2022-04-26
上海市浦东新区杨思路1121弄,2022-04-26
上海市浦东新区杨思路436弄,2022-04-26
上海市浦东新区杨思路502弄,2022-04-26
上海市浦东新区杨思新村,2022-04-26
上海市浦东新区杨新路197弄,2022-04-26
上海市浦东新区杨新路198弄,2022-04-26
上海市浦东新区杨新路20弄,2022-04-26
上海市浦东新区杨新路281弄,2022-04-26
上海市浦东新区杨新路282弄,2022-04-26
上海市浦东新区杨新路77弄,2022-04-26
上海市浦东新区杨新路80弄,2022-04-26
上海市浦东新区杨新路93弄,2022-04-26
上海市浦东新区洋泾镇路61号生活区,2022-04-26
上海市浦东新区耀华路220弄,2022-04-26
上海市浦东新区耀华路331弄,2022-04-26
上海市浦东新区耀华路400弄,2022-04-26
上海市浦东新区耀华路414弄,2022-04-26
上海市浦东新区耀华路421弄,2022-04-26
上海市浦东新区耀华路500弄,2022-04-26
上海市浦东新区耀华支路2号工地生活区,2022-04-26
上海市浦东新区沂南路54弄,2022-04-26
上海市浦东新区益江路299弄,2022-04-26
上海市浦东新区银冬路568号生活区,2022-04-26
上海市浦东新区银峰路676弄,2022-04-26
上海市浦东新区银融路88弄,2022-04-26
上海市浦东新区银山路200弄,2022-04-26
上海市浦东新区银山路342弄,2022-04-26
上海市浦东新区樱花路802弄,2022-04-26
上海市浦东新区迎春路1355弄,2022-04-26
上海市浦东新区迎春路736弄,2022-04-26
上海市浦东新区永安新村,2022-04-26
上海市浦东新区永晨路258弄,2022-04-26
上海市浦东新区永宁路136弄,2022-04-26
上海市浦东新区永宁路33弄,2022-04-26
上海市浦东新区永泰路1129弄,2022-04-26
上海市浦东新区永泰路136弄,2022-04-26
上海市浦东新区永泰路2079弄,2022-04-26
上海市浦东新区永泰路595弄,2022-04-26
上海市浦东新区永业路94弄,2022-04-26
上海市浦东新区羽山路600弄,2022-04-26
上海市浦东新区羽山路801弄,2022-04-26
上海市浦东新区玉兰路158弄,2022-04-26
上海市浦东新区玉泉街77弄,2022-04-26
上海市浦东新区御桥路1679弄,2022-04-26
上海市浦东新区御青路56弄,2022-04-26
上海市浦东新区御山路360弄,2022-04-26
上海市浦东新区园二路299弄,2022-04-26
上海市浦东新区云汉路1096弄,2022-04-26
上海市浦东新区云汉路978弄,2022-04-26
上海市浦东新区云台路1000弄,2022-04-26
上海市浦东新区云台路183弄,2022-04-26
上海市浦东新区枣庄路1029弄,2022-04-26
上海市浦东新区枣庄路998弄,2022-04-26
上海市浦东新区张江镇韩荡村南曹家宅,2022-04-26
上海市浦东新区张江镇沔北村顾家宅,2022-04-26
上海市浦东新区张江镇钱堂村立达宅,2022-04-26
上海市浦东新区张江镇新丰村龚家宅,2022-04-26
上海市浦东新区张江镇长元村徐家宅,2022-04-26
上海市浦东新区张杨北路5428弄,2022-04-26
上海市浦东新区张杨北路588弄,2022-04-26
上海市浦东新区张杨路1662弄,2022-04-26
上海市浦东新区招远路19弄,2022-04-26
上海市浦东新区赵高公路587号,2022-04-26
上海市浦东新区赵高公路610号,2022-04-26
上海市浦东新区赵高公路950,2022-04-26
上海市浦东新区号,2022-04-26
上海市浦东新区赵高公路958号,2022-04-26
上海市浦东新区赵高路610号,2022-04-26
上海市浦东新区中科路2500弄,2022-04-26
上海市浦东新区中科路2635弄,2022-04-26
上海市浦东新区中科路2660弄,2022-04-26
上海市浦东新区周康路869弄,2022-04-26
上海市浦东新区周浦镇北庄村窑港,2022-04-26
上海市浦东新区周浦镇里仁村,2022-04-26
上海市浦东新区周浦镇瓦南村陆弄,2022-04-26
上海市浦东新区周浦镇周南村,2022-04-26
上海市浦东新区周星路500弄,2022-04-26
上海市浦东新区周秀路168弄,2022-04-26
上海市浦东新区周秀路398弄,2022-04-26
上海市浦东新区周祝公路1218号,2022-04-26
上海市浦东新区周祝公路周泰北路交界口工地生活区,2022-04-26
上海市浦东新区祝潘公路301弄,2022-04-26
上海市浦东新区祝桥镇卫东村朱家宅,2022-04-26
上海市浦东新区梓康路188弄,2022-04-26
上海市浦东新区梓康路580弄,2022-04-26
上海市浦东新区紫薇路35弄,2022-04-26
上海市黄浦区白河路39号,2022-04-26
上海市黄浦区半淞园路585弄,2022-04-26
上海市黄浦区保屯路211弄,2022-04-26
上海市黄浦区保屯路50弄,2022-04-26
上海市黄浦区北海路267弄,2022-04-26
上海市黄浦区北京东路288弄,2022-04-26
上海市黄浦区北京东路316弄,2022-04-26
上海市黄浦区北京东路395号,2022-04-26
上海市黄浦区北京东路431弄,2022-04-26
上海市黄浦区北京东路432号,2022-04-26
上海市黄浦区曹家街62号,2022-04-26
上海市黄浦区曹家弄3号,2022-04-26
上海市黄浦区成都北路262弄,2022-04-26
上海市黄浦区成都南路108弄,2022-04-26
上海市黄浦区成都南路132弄,2022-04-26
上海市黄浦区长乐路169弄,2022-04-26
上海市黄浦区长乐路306号,2022-04-26
上海市黄浦区重庆北路106号,2022-04-26
上海市黄浦区重庆北路116号,2022-04-26
上海市黄浦区重庆北路216弄,2022-04-26
上海市黄浦区重庆北路235号,2022-04-26
上海市黄浦区重庆南路169弄,2022-04-26
上海市黄浦区重庆南路179弄,2022-04-26
上海市黄浦区重庆南路22号,2022-04-26
上海市黄浦区重庆南路26弄,2022-04-26
上海市黄浦区重庆南路30弄,2022-04-26
上海市黄浦区打浦路303弄,2022-04-26
上海市黄浦区打浦路316弄,2022-04-26
上海市黄浦区打浦路339弄,2022-04-26
上海市黄浦区打浦路38弄,2022-04-26
上海市黄浦区打浦路457弄,2022-04-26
上海市黄浦区打浦路470弄,2022-04-26
上海市黄浦区打浦路58号,2022-04-26
上海市黄浦区打浦路78号,2022-04-26
上海市黄浦区打浦路90弄,2022-04-26
上海市黄浦区打浦路92号,2022-04-26
上海市黄浦区大沽路139弄,2022-04-26
上海市黄浦区大沽路145号,2022-04-26
上海市黄浦区大沽路183弄,2022-04-26
上海市黄浦区大沽路191号,2022-04-26
上海市黄浦区大沽路218号,2022-04-26
上海市黄浦区大沽路254号,2022-04-26
上海市黄浦区大吉路26弄,2022-04-26
上海市黄浦区大吉路310弄,2022-04-26
上海市黄浦区大吉路57号,2022-04-26
上海市黄浦区大境路50号,2022-04-26
上海市黄浦区大林路43弄,2022-04-26
上海市黄浦区丹凤路102弄,2022-04-26
上海市黄浦区淡水路205号,2022-04-26
上海市黄浦区淡水路214弄,2022-04-26
上海市黄浦区淡水路223弄,2022-04-26
上海市黄浦区淡水路227弄,2022-04-26
上海市黄浦区淡水路274号,2022-04-26
上海市黄浦区淡水路345弄,2022-04-26
上海市黄浦区淡水路460弄,2022-04-26
上海市黄浦区滇池路116号,2022-04-26
上海市黄浦区定兴路36号,2022-04-26
上海市黄浦区东江阴街184号,2022-04-26
上海市黄浦区东街123号,2022-04-26
上海市黄浦区多稼路208号,2022-04-26
上海市黄浦区多稼路2号,2022-04-26
上海市黄浦区方浜西路63弄,2022-04-26
上海市黄浦区方浜中路523号,2022-04-26
上海市黄浦区方斜路401弄,2022-04-26
上海市黄浦区凤阳路228弄,2022-04-26
上海市黄浦区福建中路195弄,2022-04-26
上海市黄浦区福建中路205号,2022-04-26
上海市黄浦区福州路105号,2022-04-26
上海市黄浦区福州路384弄,2022-04-26
上海市黄浦区福州路614弄,2022-04-26
上海市黄浦区福州路623号,2022-04-26
上海市黄浦区抚安街10号,2022-04-26
上海市黄浦区复兴东路330号,2022-04-26
上海市黄浦区复兴东路404弄,2022-04-26
上海市黄浦区复兴东路451弄,2022-04-26
上海市黄浦区复兴东路519弄,2022-04-26
上海市黄浦区复兴东路663弄,2022-04-26
上海市黄浦区复兴东路671号,2022-04-26
上海市黄浦区复兴东路673号,2022-04-26
上海市黄浦区复兴中路408弄,2022-04-26
上海市黄浦区复兴中路598弄,2022-04-26
上海市黄浦区复兴中路616弄,2022-04-26
上海市黄浦区高家横弄18弄,2022-04-26
上海市黄浦区高家弄45弄,2022-04-26
上海市黄浦区高家弄66弄,2022-04-26
上海市黄浦区牯岭路145弄,2022-04-26
上海市黄浦区光启路111号,2022-04-26
上海市黄浦区光启路129号,2022-04-26
上海市黄浦区光启路135号,2022-04-26
上海市黄浦区光启路215号,2022-04-26
上海市黄浦区光启南路154弄,2022-04-26
上海市黄浦区广东路138号,2022-04-26
上海市黄浦区广东路212号,2022-04-26
上海市黄浦区广东路543号,2022-04-26
上海市黄浦区广东路544号,2022-04-26
上海市黄浦区广东路566号,2022-04-26
上海市黄浦区广西北路109弄,2022-04-26
上海市黄浦区广西北路228弄,2022-04-26
上海市黄浦区广西北路425号,2022-04-26
上海市黄浦区广西北路442号,2022-04-26
上海市黄浦区贵州路131弄,2022-04-26
上海市黄浦区贵州路151号,2022-04-26
上海市黄浦区贵州路155号,2022-04-26
上海市黄浦区贵州路157号,2022-04-26
上海市黄浦区贵州路159号,2022-04-26
上海市黄浦区贵州路161号,2022-04-26
上海市黄浦区贵州路167号,2022-04-26
上海市黄浦区贵州路169号,2022-04-26
上海市黄浦区贵州路198弄,2022-04-26
上海市黄浦区贵州路77弄,2022-04-26
上海市黄浦区国货路370弄,2022-04-26
上海市黄浦区海潮路222弄,2022-04-26
上海市黄浦区海潮路230弄,2022-04-26
上海市黄浦区海潮路256弄,2022-04-26
上海市黄浦区海南西弄51弄,2022-04-26
上海市黄浦区海南西弄95号,2022-04-26
上海市黄浦区汉口路457号,2022-04-26
上海市黄浦区汉口路558号,2022-04-26
上海市黄浦区汉口路678号,2022-04-26
上海市黄浦区合肥路271号,2022-04-26
上海市黄浦区合肥路349弄,2022-04-26
上海市黄浦区和顺街45号,2022-04-26
上海市黄浦区河南南路600弄,2022-04-26
上海市黄浦区河南中路154号,2022-04-26
上海市黄浦区河南中路166弄,2022-04-26
上海市黄浦区河南中路192号,2022-04-26
上海市黄浦区河南中路541弄,2022-04-26
上海市黄浦区淮海东路89弄,2022-04-26
上海市黄浦区淮海中路475号,2022-04-26
上海市黄浦区淮海中路613弄,2022-04-26
上海市黄浦区淮海中路697弄,2022-04-26
上海市黄浦区淮海中路701号,2022-04-26
上海市黄浦区淮海中路796号,2022-04-26
上海市黄浦区淮海中路833弄,2022-04-26
上海市黄浦区淮海中路927弄,2022-04-26
上海市黄浦区黄陂北路249弄,2022-04-26
上海市黄浦区黄陂南路584号,2022-04-26
上海市黄浦区黄陂南路596弄,2022-04-26
上海市黄浦区黄陂南路685弄,2022-04-26
上海市黄浦区黄陂南路783号,2022-04-26
上海市黄浦区黄河路125弄,2022-04-26
上海市黄浦区黄河路215弄,2022-04-26
上海市黄浦区黄河路253弄,2022-04-26
上海市黄浦区黄河路275号,2022-04-26
上海市黄浦区黄河路288号,2022-04-26
上海市黄浦区黄家路55弄,2022-04-26
上海市黄浦区黄家路88弄,2022-04-26
上海市黄浦区黄家阙路68弄,2022-04-26
上海市黄浦区黄家阙路72弄,2022-04-26
上海市黄浦区黄家阙路76弄,2022-04-26
上海市黄浦区黄家阙路88弄,2022-04-26
上海市黄浦区徽宁路509号,2022-04-26
上海市黄浦区会稽路38弄,2022-04-26
上海市黄浦区火腿弄21号,2022-04-26
上海市黄浦区建国东路119号,2022-04-26
上海市黄浦区建国东路139号,2022-04-26
上海市黄浦区建国东路143弄,2022-04-26
上海市黄浦区建国东路153号,2022-04-26
上海市黄浦区建国东路187号,2022-04-26
上海市黄浦区建国东路45号,2022-04-26
上海市黄浦区建国东路61弄,2022-04-26
上海市黄浦区建国西路25弄,2022-04-26
上海市黄浦区建国西路91弄,2022-04-26
上海市黄浦区建国中路155弄,2022-04-26
上海市黄浦区江西中路128号,2022-04-26
上海市黄浦区江西中路135弄,2022-04-26
上海市黄浦区江西中路141号,2022-04-26
上海市黄浦区江西中路147号,2022-04-26
上海市黄浦区江西中路304号,2022-04-26
上海市黄浦区江西中路412弄,2022-04-26
上海市黄浦区江西中路460弄,2022-04-26
上海市黄浦区江阴街308弄,2022-04-26
上海市黄浦区江阴街310号,2022-04-26
上海市黄浦区江阴路104号,2022-04-26
上海市黄浦区江阴路106弄,2022-04-26
上海市黄浦区江阴路130弄,2022-04-26
上海市黄浦区江阴路140号,2022-04-26
上海市黄浦区江阴路88弄,2022-04-26
上海市黄浦区金陵东路59号,2022-04-26
上海市黄浦区金陵东路63号,2022-04-26
上海市黄浦区金陵东路67号,2022-04-26
上海市黄浦区金陵西路60号,2022-04-26
上海市黄浦区金坛路9号,2022-04-26
上海市黄浦区进贤路138弄,2022-04-26
上海市黄浦区进贤路154号,2022-04-26
上海市黄浦区静修路107号,2022-04-26
上海市黄浦区静修路114弄,2022-04-26
上海市黄浦区静修路126弄,2022-04-26
上海市黄浦区静修路89号,2022-04-26
上海市黄浦区静修路95号,2022-04-26
上海市黄浦区九江路218弄,2022-04-26
上海市黄浦区九江路619号,2022-04-26
上海市黄浦区局门后路5号,2022-04-26
上海市黄浦区局门后路85号,2022-04-26
上海市黄浦区局门路241弄,2022-04-26
上海市黄浦区局门路599弄,2022-04-26
上海市黄浦区巨鹿路244弄,2022-04-26
上海市黄浦区巨鹿路260弄,2022-04-26
上海市黄浦区巨鹿路318号,2022-04-26
上海市黄浦区巨鹿路367号,2022-04-26
上海市黄浦区巨鹿路383弄,2022-04-26
上海市黄浦区巨鹿路391弄,2022-04-26
上海市黄浦区聚奎新村,2022-04-26
上海市黄浦区跨龙路67号,2022-04-26
上海市黄浦区老道前街20号,2022-04-26
上海市黄浦区老道前街68弄,2022-04-26
上海市黄浦区丽园路1032弄,2022-04-26
上海市黄浦区丽园路25号,2022-04-26
上海市黄浦区丽园路43弄,2022-04-26
上海市黄浦区丽园路448弄,2022-04-26
上海市黄浦区丽园路45弄,2022-04-26
上海市黄浦区丽园路514弄,2022-04-26
上海市黄浦区丽园路565号,2022-04-26
上海市黄浦区丽园路710弄,2022-04-26
上海市黄浦区丽园路866弄,2022-04-26
上海市黄浦区丽园路885号,2022-04-26
上海市黄浦区丽园路887号,2022-04-26
上海市黄浦区丽园路8号,2022-04-26
上海市黄浦区龙华东路526号,2022-04-26
上海市黄浦区龙华东路888弄,2022-04-26
上海市黄浦区鲁班路168弄,2022-04-26
上海市黄浦区鲁班路299弄,2022-04-26
上海市黄浦区鲁班路738弄,2022-04-26
上海市黄浦区鲁班路88弄,2022-04-26
上海市黄浦区陆家浜路1034弄,2022-04-26
上海市黄浦区陆家浜路1060弄,2022-04-26
上海市黄浦区陆家浜路1088号,2022-04-26
上海市黄浦区陆家浜路1300号,2022-04-26
上海市黄浦区陆家浜路1331号,2022-04-26
上海市黄浦区陆家浜路305弄,2022-04-26
上海市黄浦区陆家浜路413弄,2022-04-26
上海市黄浦区陆家浜路468弄,2022-04-26
上海市黄浦区陆家浜路688弄,2022-04-26
上海市黄浦区露香园路18号,2022-04-26
上海市黄浦区马当路278弄,2022-04-26
上海市黄浦区马当路306弄,2022-04-26
上海市黄浦区马当路318弄,2022-04-26
上海市黄浦区马当路328弄,2022-04-26
上海市黄浦区马当路357弄,2022-04-26
上海市黄浦区马当路588弄,2022-04-26
上海市黄浦区毛家园路161号,2022-04-26
上海市黄浦区茂名南路159弄,2022-04-26
上海市黄浦区茂名南路169弄,2022-04-26
上海市黄浦区蒙自路345弄,2022-04-26
上海市黄浦区蒙自路490弄,2022-04-26
上海市黄浦区蒙自路601弄,2022-04-26
上海市黄浦区蒙自西路72弄,2022-04-26
上海市黄浦区梦花街13弄,2022-04-26
上海市黄浦区梦花街151号,2022-04-26
上海市黄浦区梦花街198弄,2022-04-26
上海市黄浦区梦花街73弄,2022-04-26
上海市黄浦区梦花街9号,2022-04-26
上海市黄浦区面筋弄13号,2022-04-26
上海市黄浦区面筋弄17号,2022-04-26
上海市黄浦区面筋弄24号,2022-04-26
上海市黄浦区面筋弄48号,2022-04-26
上海市黄浦区南昌路282号,2022-04-26
上海市黄浦区南昌路284号,2022-04-26
上海市黄浦区南昌路310弄,2022-04-26
上海市黄浦区南昌路328号,2022-04-26
上海市黄浦区南昌路69弄,2022-04-26
上海市黄浦区南昌路74弄,2022-04-26
上海市黄浦区南车站路192弄,2022-04-26
上海市黄浦区南车站路30弄,2022-04-26
上海市黄浦区南车站路450弄,2022-04-26
上海市黄浦区南京东路720号,2022-04-26
上海市黄浦区南京西路455弄,2022-04-26
上海市黄浦区南京西路465号,2022-04-26
上海市黄浦区南京西路471弄,2022-04-26
上海市黄浦区南京西路479弄,2022-04-26
上海市黄浦区南京西路88号,2022-04-26
上海市黄浦区南塘浜路93弄,2022-04-26
上海市黄浦区宁波路120弄,2022-04-26
上海市黄浦区宁波路201号,2022-04-26
上海市黄浦区宁波路219号,2022-04-26
上海市黄浦区宁波路232号,2022-04-26
上海市黄浦区宁波路266号,2022-04-26
上海市黄浦区宁波路284弄,2022-04-26
上海市黄浦区宁波路540号,2022-04-26
上海市黄浦区宁波路542弄,2022-04-26
上海市黄浦区宁波路560号,2022-04-26
上海市黄浦区宁波路561号,2022-04-26
上海市黄浦区宁波路566号,2022-04-26
上海市黄浦区宁波路579号,2022-04-26
上海市黄浦区宁波路587弄,2022-04-26
上海市黄浦区宁波路620弄,2022-04-26
上海市黄浦区宁波路634号,2022-04-26
上海市黄浦区宁波路636号,2022-04-26
上海市黄浦区宁波路70号,2022-04-26
上海市黄浦区宁波路74弄,2022-04-26
上海市黄浦区宁海东路4号,2022-04-26
上海市黄浦区牛庄路620号,2022-04-26
上海市黄浦区牛庄路692号,2022-04-26
上海市黄浦区牛庄路736号,2022-04-26
上海市黄浦区牛庄路775号,2022-04-26
上海市黄浦区牌楼路29号,2022-04-26
上海市黄浦区牌楼路41弄,2022-04-26
上海市黄浦区蓬莱路190弄,2022-04-26
上海市黄浦区蓬莱路199弄,2022-04-26
上海市黄浦区蓬莱路209号,2022-04-26
上海市黄浦区蓬莱路252弄,2022-04-26
上海市黄浦区蓬莱路285弄,2022-04-26
上海市黄浦区蓬莱路291号,2022-04-26
上海市黄浦区蓬莱路336号,2022-04-26
上海市黄浦区蓬莱路421弄,2022-04-26
上海市黄浦区普育东路200弄,2022-04-26
上海市黄浦区普育东路71弄,2022-04-26
上海市黄浦区普育西路208号,2022-04-26
上海市黄浦区青岛路41号,2022-04-26
上海市黄浦区青岛路43号,2022-04-26
上海市黄浦区青岛路66弄,2022-04-26
上海市黄浦区瞿溪路1003弄,2022-04-26
上海市黄浦区瞿溪路1072弄,2022-04-26
上海市黄浦区瞿溪路1111弄,2022-04-26
上海市黄浦区瞿溪路1145弄,2022-04-26
上海市黄浦区瞿溪路115号,2022-04-26
上海市黄浦区瞿溪路118号,2022-04-26
上海市黄浦区瞿溪路1200弄,2022-04-26
上海市黄浦区瞿溪路120弄,2022-04-26
上海市黄浦区瞿溪路121号,2022-04-26
上海市黄浦区瞿溪路1254弄,2022-04-26
上海市黄浦区瞿溪路131号,2022-04-26
上海市黄浦区瞿溪路560号,2022-04-26
上海市黄浦区瞿溪路800弄,2022-04-26
上海市黄浦区瞿溪路883弄,2022-04-26
上海市黄浦区瞿溪路937弄,2022-04-26
上海市黄浦区人民路1006弄,2022-04-26
上海市黄浦区瑞金二路132弄,2022-04-26
上海市黄浦区瑞金二路225弄,2022-04-26
上海市黄浦区瑞金二路24号,2022-04-26
上海市黄浦区瑞金二路40弄,2022-04-26
上海市黄浦区瑞金二路450号,2022-04-26
上海市黄浦区瑞金二路456弄,2022-04-26
上海市黄浦区瑞金二路48弄,2022-04-26
上海市黄浦区瑞金二路52弄,2022-04-26
上海市黄浦区瑞金二路70弄,2022-04-26
上海市黄浦区瑞金二路81号,2022-04-26
上海市黄浦区瑞金南路1号,2022-04-26
上海市黄浦区瑞金南路333弄,2022-04-26
上海市黄浦区桑园街38弄,2022-04-26
上海市黄浦区桑园街6弄,2022-04-26
上海市黄浦区山东北路83号,2022-04-26
上海市黄浦区山西南路239号,2022-04-26
上海市黄浦区山西南路294号,2022-04-26
上海市黄浦区山西南路9弄,2022-04-26
上海市黄浦区陕西南路271弄,2022-04-26
上海市黄浦区陕西南路287弄,2022-04-26
上海市黄浦区陕西南路39弄,2022-04-26
上海市黄浦区尚文路133弄,2022-04-26
上海市黄浦区尚文路149弄,2022-04-26
上海市黄浦区尚文路168号,2022-04-26
上海市黄浦区尚文路185号,2022-04-26
上海市黄浦区尚文路198号,2022-04-26
上海市黄浦区尚文路275弄,2022-04-26
上海市黄浦区绍兴路102弄,2022-04-26
上海市黄浦区绍兴路45号,2022-04-26
上海市黄浦区绍兴路96弄,2022-04-26
上海市黄浦区顺昌路501号,2022-04-26
上海市黄浦区顺昌路504弄,2022-04-26
上海市黄浦区顺昌路507弄,2022-04-26
上海市黄浦区思南路26弄,2022-04-26
上海市黄浦区思南路53号,2022-04-26
上海市黄浦区四川中路126弄,2022-04-26
上海市黄浦区四川中路611弄,2022-04-26
上海市黄浦区四川中路629号,2022-04-26
上海市黄浦区四川中路668号,2022-04-26
上海市黄浦区四牌楼路123号,2022-04-26
上海市黄浦区泗泾路10号,2022-04-26
上海市黄浦区泗泾路15号,2022-04-26
上海市黄浦区泗泾路36号,2022-04-26
上海市黄浦区泗泾路8号,2022-04-26
上海市黄浦区泰康路328号,2022-04-26
上海市黄浦区天津路138弄,2022-04-26
上海市黄浦区天津路195弄,2022-04-26
上海市黄浦区天津路478弄,2022-04-26
上海市黄浦区天津路500号,2022-04-26
上海市黄浦区天柱山路17弄,2022-04-26
上海市黄浦区铁道路140号,2022-04-26
上海市黄浦区威海路151号,2022-04-26
上海市黄浦区威海路163号,2022-04-26
上海市黄浦区威海路167号,2022-04-26
上海市黄浦区威海路176号,2022-04-26
上海市黄浦区文庙路103号,2022-04-26
上海市黄浦区文庙路105号,2022-04-26
上海市黄浦区文庙路124号,2022-04-26
上海市黄浦区文庙路137号,2022-04-26
上海市黄浦区文庙路60弄,2022-04-26
上海市黄浦区五里桥路252号,2022-04-26
上海市黄浦区五里桥路269弄,2022-04-26
上海市黄浦区五里桥路345弄,2022-04-26
上海市黄浦区西仓桥街112弄,2022-04-26
上海市黄浦区西仓桥街162弄,2022-04-26
上海市黄浦区西仓桥街93号,2022-04-26
上海市黄浦区西藏南路1135弄,2022-04-26
上海市黄浦区西藏南路1200弄,2022-04-26
上海市黄浦区西藏南路1265号,2022-04-26
上海市黄浦区西藏南路1277弄,2022-04-26
上海市黄浦区西藏南路1335号,2022-04-26
上海市黄浦区西藏南路1341弄,2022-04-26
上海市黄浦区西藏南路1374弄,2022-04-26
上海市黄浦区西藏南路1421弄,2022-04-26
上海市黄浦区西藏南路1433弄,2022-04-26
上海市黄浦区西藏南路1501弄,2022-04-26
上海市黄浦区西藏南路1558弄,2022-04-26
上海市黄浦区西藏南路1739弄,2022-04-26
上海市黄浦区西藏南路311弄,2022-04-26
上海市黄浦区西藏南路381号,2022-04-26
上海市黄浦区西藏南路555弄,2022-04-26
上海市黄浦区西藏南路688弄,2022-04-26
上海市黄浦区西藏南路897号,2022-04-26
上海市黄浦区西藏中路200号,2022-04-26
上海市黄浦区西藏中路555号,2022-04-26
上海市黄浦区西凌家宅路111弄,2022-04-26
上海市黄浦区西凌家宅路27弄,2022-04-26
上海市黄浦区西姚家弄29号,2022-04-26
上海市黄浦区先棉祠街37号,2022-04-26
上海市黄浦区县左街14号,2022-04-26
上海市黄浦区县左街20弄,2022-04-26
上海市黄浦区县左街24弄,2022-04-26
上海市黄浦区县左街32号,2022-04-26
上海市黄浦区香山路36号,2022-04-26
上海市黄浦区小桃园街30弄,2022-04-26
上海市黄浦区斜土东路158弄,2022-04-26
上海市黄浦区斜土东路350号,2022-04-26
上海市黄浦区斜土东路68弄,2022-04-26
上海市黄浦区斜土路118弄,2022-04-26
上海市黄浦区斜土路145弄,2022-04-26
上海市黄浦区斜土路195弄,2022-04-26
上海市黄浦区斜土路251弄,2022-04-26
上海市黄浦区斜土路262弄,2022-04-26
上海市黄浦区斜土路298弄,2022-04-26
上海市黄浦区斜土路330弄,2022-04-26
上海市黄浦区斜土路360弄,2022-04-26
上海市黄浦区斜土路435弄,2022-04-26
上海市黄浦区斜土路486弄,2022-04-26
上海市黄浦区斜土路501弄,2022-04-26
上海市黄浦区斜土路520号,2022-04-26
上海市黄浦区斜土路550弄,2022-04-26
上海市黄浦区斜土路556弄,2022-04-26
上海市黄浦区斜土路645号,2022-04-26
上海市黄浦区斜土路80弄,2022-04-26
上海市黄浦区斜土路810弄,2022-04-26
上海市黄浦区斜土支路5号,2022-04-26
上海市黄浦区新昌路310弄,2022-04-26
上海市黄浦区新昌路328弄,2022-04-26
上海市黄浦区新昌路61弄,2022-04-26
上海市黄浦区新闸路274号,2022-04-26
上海市黄浦区徐家汇路101号,2022-04-26
上海市黄浦区徐家汇路1弄,2022-04-26
上海市黄浦区徐家汇路396号,2022-04-26
上海市黄浦区徐家汇路518号,2022-04-26
上海市黄浦区徐家汇路536弄,2022-04-26
上海市黄浦区徐家汇路77弄,2022-04-26
上海市黄浦区薛家浜路236号,2022-04-26
上海市黄浦区薛家浜路242弄,2022-04-26
上海市黄浦区学前街100号,2022-04-26
上海市黄浦区学西街39弄,2022-04-26
上海市黄浦区学院路127号,2022-04-26
上海市黄浦区学院路137号,2022-04-26
上海市黄浦区巡道街14号,2022-04-26
上海市黄浦区巡道街21号,2022-04-26
上海市黄浦区巡道街37弄,2022-04-26
上海市黄浦区巡道街49号,2022-04-26
上海市黄浦区巡道街53弄,2022-04-26
上海市黄浦区延安东路1256弄,2022-04-26
上海市黄浦区延安东路1292弄,2022-04-26
上海市黄浦区延安东路1310弄,2022-04-26
上海市黄浦区永年路118号,2022-04-26
上海市黄浦区永年路126号,2022-04-26
上海市黄浦区永年路128号,2022-04-26
上海市黄浦区永年路44弄,2022-04-26
上海市黄浦区永年路84号,2022-04-26
上海市黄浦区云南南路297号,2022-04-26
上海市黄浦区肇嘉浜路18号,2022-04-26
上海市黄浦区肇嘉浜路18弄,2022-04-26
上海市黄浦区肇周路179号,2022-04-26
上海市黄浦区肇周路354号,2022-04-26
上海市黄浦区肇周路384弄,2022-04-26
上海市黄浦区浙江中路118弄,2022-04-26
上海市黄浦区浙江中路128弄,2022-04-26
上海市黄浦区浙江中路137弄,2022-04-26
上海市黄浦区浙江中路159号,2022-04-26
上海市黄浦区浙江中路167弄,2022-04-26
上海市黄浦区浙江中路419号,2022-04-26
上海市黄浦区浙江中路535号,2022-04-26
上海市黄浦区制造局路208弄,2022-04-26
上海市黄浦区制造局路361号,2022-04-26
上海市黄浦区制造局路370弄,2022-04-26
上海市黄浦区制造局路455弄,2022-04-26
上海市黄浦区制造局路833弄19号,2022-04-26
上海市黄浦区中华路1022号,2022-04-26
上海市黄浦区中华路1141弄,2022-04-26
上海市黄浦区中华路1148弄,2022-04-26
上海市黄浦区中华路1209号,2022-04-26
上海市黄浦区中华路1299弄,2022-04-26
上海市黄浦区中华路1349弄,2022-04-26
上海市黄浦区中华路343号,2022-04-26
上海市黄浦区中华路367号,2022-04-26
上海市黄浦区中华路88弄,2022-04-26
上海市黄浦区中华路989号,2022-04-26
上海市黄浦区中华路999号,2022-04-26
上海市黄浦区中山南路1358弄,2022-04-26
上海市黄浦区中山南路1671号,2022-04-26
上海市黄浦区中山南路1711弄,2022-04-26
上海市黄浦区中山南路1726弄,2022-04-26
上海市黄浦区中山南路1887弄,2022-04-26
上海市黄浦区中山南路398弄,2022-04-26
上海市黄浦区中山南路566弄,2022-04-26
上海市黄浦区中山南路609号,2022-04-26
上海市黄浦区中山南路943号,2022-04-26
上海市黄浦区中山南一路1012弄,2022-04-26
上海市黄浦区中山南一路1022号,2022-04-26
上海市黄浦区中山南一路1040号,2022-04-26
上海市黄浦区中山南一路1065号,2022-04-26
上海市黄浦区中山南一路1079号,2022-04-26
上海市黄浦区中山南一路1109弄,2022-04-26
上海市黄浦区中山南一路247弄,2022-04-26
上海市黄浦区中山南一路250号,2022-04-26
上海市黄浦区中山南一路721弄,2022-04-26
上海市黄浦区昼锦路180弄,2022-04-26
上海市黄浦区自忠路349号,2022-04-26
上海市黄浦区自忠路359号,2022-04-26
上海市静安区安远路515弄,2022-04-26
上海市静安区宝昌路220号,2022-04-26
上海市静安区宝昌路222号,2022-04-26
上海市静安区宝昌路520弄,2022-04-26
上海市静安区宝昌路632弄,2022-04-26
上海市静安区宝昌路731弄,2022-04-26
上海市静安区宝昌路788弄,2022-04-26
上海市静安区宝山路403弄,2022-04-26
上海市静安区宝山路450弄,2022-04-26
上海市静安区宝山路499弄,2022-04-26
上海市静安区宝山路591号,2022-04-26
上海市静安区宝通路214弄,2022-04-26
上海市静安区宝通路239弄,2022-04-26
上海市静安区宝通路416弄,2022-04-26
上海市静安区宝源路209弄,2022-04-26
上海市静安区保德路448弄,2022-04-26
上海市静安区保德路681弄,2022-04-26
上海市静安区昌化路325号,2022-04-26
上海市静安区昌化路410弄,2022-04-26
上海市静安区昌化路509弄,2022-04-26
上海市静安区昌平路428弄,2022-04-26
上海市静安区昌平路88弄,2022-04-26
上海市静安区昌平路923弄,2022-04-26
上海市静安区常德路519弄,2022-04-26
上海市静安区常德路619号,2022-04-26
上海市静安区长安路1001号,2022-04-26
上海市静安区长安路490号,2022-04-26
上海市静安区长乐路650号,2022-04-26
上海市静安区长乐路682弄,2022-04-26
上海市静安区长乐路888号,2022-04-26
上海市静安区长临路380弄,2022-04-26
上海市静安区长兴路168弄,2022-04-26
上海市静安区场中路2251弄,2022-04-26
上海市静安区场中路2600弄,2022-04-26
上海市静安区场中路2601弄,2022-04-26
上海市静安区场中路2965弄,2022-04-26
上海市静安区场中路3123弄,2022-04-26
上海市静安区场中路3220弄,2022-04-26
上海市静安区场中路3332弄,2022-04-26
上海市静安区大沽路368弄,2022-04-26
上海市静安区大沽路489弄,2022-04-26
上海市静安区大宁路540弄,2022-04-26
上海市静安区大统路1033弄,2022-04-26
上海市静安区大统路159弄,2022-04-26
上海市静安区大统路555号,2022-04-26
上海市静安区大统路933弄,2022-04-26
上海市静安区大统路988号,2022-04-26
上海市静安区汾西路261弄,2022-04-26
上海市静安区汾西路681号,2022-04-26
上海市静安区汾西路700弄,2022-04-26
上海市静安区汾西路815弄,2022-04-26
上海市静安区汾西路850号,2022-04-26
上海市静安区汾西路885弄,2022-04-26
上海市静安区奉贤路290弄,2022-04-26
上海市静安区富民路197弄,2022-04-26
上海市静安区高平路458弄,2022-04-26
上海市静安区高平路539号,2022-04-26
上海市静安区高平路811号,2022-04-26
上海市静安区公兴路203号,2022-04-26
上海市静安区公兴路220弄,2022-04-26
上海市静安区公兴路39弄,2022-04-26
上海市静安区共和新路1207号,2022-04-26
上海市静安区共和新路1700弄,2022-04-26
上海市静安区共和新路2999弄,2022-04-26
上海市静安区共和新路318弄,2022-04-26
上海市静安区共和新路3795弄,2022-04-26
上海市静安区共和新路4555弄,2022-04-26
上海市静安区共和新路4699弄,2022-04-26
上海市静安区共和新路555弄,2022-04-26
上海市静安区共和新路635弄,2022-04-26
上海市静安区共和新路710弄,2022-04-26
上海市静安区共和新路736弄,2022-04-26
上海市静安区共和新路802弄,2022-04-26
上海市静安区共和新路970弄,2022-04-26
上海市静安区光复路271号,2022-04-26
上海市静安区广延路42弄,2022-04-26
上海市静安区广中西路911弄,2022-04-26
上海市静安区国庆路3弄,2022-04-26
上海市静安区海防路100弄,2022-04-26
上海市静安区海防路338弄,2022-04-26
上海市静安区海防路377号,2022-04-26
上海市静安区海宁路1388号,2022-04-26
上海市静安区汉中路28弄,2022-04-26
上海市静安区汉中路48号,2022-04-26
上海市静安区汉中路58号,2022-04-26
上海市静安区汉中路68号,2022-04-26
上海市静安区河南北路485号,2022-04-26
上海市静安区鸿兴路186号,2022-04-26
上海市静安区沪太路1170弄,2022-04-26
上海市静安区沪太路365号,2022-04-26
上海市静安区沪太路453弄,2022-04-26
上海市静安区沪太路555弄,2022-04-26
上海市静安区沪太路631弄,2022-04-26
上海市静安区沪太路651弄,2022-04-26
上海市静安区沪太路655弄,2022-04-26
上海市静安区沪太路941弄,2022-04-26
上海市静安区华山路241弄,2022-04-26
上海市静安区淮安路687弄,2022-04-26
上海市静安区淮安路801号,2022-04-26
上海市静安区黄山路250号,2022-04-26
上海市静安区黄山路280弄,2022-04-26
上海市静安区会文路136弄,2022-04-26
上海市静安区江杨南路466弄,2022-04-26
上海市静安区交城路229弄,2022-04-26
上海市静安区胶州路274弄,2022-04-26
上海市静安区胶州路707弄,2022-04-26
上海市静安区晋元路310弄,2022-04-26
上海市静安区京江路201号,2022-04-26
上海市静安区景凤路403弄,2022-04-26
上海市静安区巨鹿路758号,2022-04-26
上海市静安区康定路1299弄,2022-04-26
上海市静安区康定路418弄,2022-04-26
上海市静安区康定路445弄,2022-04-26
上海市静安区康定路950弄,2022-04-26
上海市静安区康乐路203弄,2022-04-26
上海市静安区老沪太路228号,2022-04-26
上海市静安区老沪太路255弄,2022-04-26
上海市静安区临汾路1105弄,2022-04-26
上海市静安区临汾路1244弄,2022-04-26
上海市静安区临汾路135弄,2022-04-26
上海市静安区临汾路1565弄,2022-04-26
上海市静安区临汾路380弄,2022-04-26
上海市静安区临汾路620弄,2022-04-26
上海市静安区临汾路808弄,2022-04-26
上海市静安区临汾路850弄,2022-04-26
上海市静安区临汾路894弄,2022-04-26
上海市静安区临汾路971弄,2022-04-26
上海市静安区临山路176号,2022-04-26
上海市静安区临山路203弄,2022-04-26
上海市静安区临山路204号,2022-04-26
上海市静安区临山路206弄,2022-04-26
上海市静安区临山路20号,2022-04-26
上海市静安区灵石路1123弄,2022-04-26
上海市静安区灵石路1201弄,2022-04-26
上海市静安区灵石路735弄,2022-04-26
上海市静安区灵石路737弄,2022-04-26
上海市静安区灵石路739弄,2022-04-26
上海市静安区岭南路100弄,2022-04-26
上海市静安区柳营路309弄,2022-04-26
上海市静安区柳营路319弄,2022-04-26
上海市静安区柳营路328弄,2022-04-26
上海市静安区柳营路463弄,2022-04-26
上海市静安区柳营路515弄,2022-04-26
上海市静安区柳营路650弄,2022-04-26
上海市静安区柳营路669弄,2022-04-26
上海市静安区柳营路768弄,2022-04-26
上海市静安区陆丰路116号,2022-04-26
上海市静安区洛川东路140弄,2022-04-26
上海市静安区洛川东路200弄,2022-04-26
上海市静安区洛川东路300号,2022-04-26
上海市静安区洛川东路352弄,2022-04-26
上海市静安区洛川东路400弄,2022-04-26
上海市静安区洛川东路99号,2022-04-26
上海市静安区洛川中路1100弄,2022-04-26
上海市静安区洛川中路777弄,2022-04-26
上海市静安区洛川中路970号,2022-04-26
上海市静安区洛川中路990号,2022-04-26
上海市静安区毛家弄26号,2022-04-26
上海市静安区毛家弄4号,2022-04-26
上海市静安区茂名北路111弄,2022-04-26
上海市静安区茂名北路112弄,2022-04-26
上海市静安区茂名北路149号,2022-04-26
上海市静安区茂名北路73弄,2022-04-26
上海市静安区茂名北路93号,2022-04-26
上海市静安区民和路137号,2022-04-26
上海市静安区民立路289弄,2022-04-26
上海市静安区秣陵路303号,2022-04-26
上海市静安区南京西路1025弄,2022-04-26
上海市静安区南京西路1081号,2022-04-26
上海市静安区南山路10弄,2022-04-26
上海市静安区南山路151弄,2022-04-26
上海市静安区南山路71弄,2022-04-26
上海市静安区南山路7弄,2022-04-26
上海市静安区南山路88弄,2022-04-26
上海市静安区南苏州路1455号,2022-04-26
上海市静安区南阳路30弄,2022-04-26
上海市静安区彭浦新村321号,2022-04-26
上海市静安区平陆路312弄,2022-04-26
上海市静安区平陆路999弄,2022-04-26
上海市静安区平顺路180弄,2022-04-26
上海市静安区平顺路373弄,2022-04-26
上海市静安区平顺路825弄,2022-04-26
上海市静安区平顺路834弄,2022-04-26
上海市静安区平顺路921号,2022-04-26
上海市静安区平型关路1083弄,2022-04-26
上海市静安区平型关路121弄,2022-04-26
上海市静安区平型关路1288弄,2022-04-26
上海市静安区平型关路2199弄,2022-04-26
上海市静安区普善路铁路新村1号,2022-04-26
上海市静安区普善路铁路新村3号,2022-04-26
上海市静安区普善路铁路新村61号,2022-04-26
上海市静安区七浦路208号,2022-04-26
上海市静安区青云路315弄,2022-04-26
上海市静安区青云路435弄,2022-04-26
上海市静安区青云路480弄,2022-04-26
上海市静安区青云路483弄,2022-04-26
上海市静安区青云路570弄,2022-04-26
上海市静安区青云路590弄,2022-04-26
上海市静安区青云路650弄,2022-04-26
上海市静安区青云路702号,2022-04-26
上海市静安区虬江路1431弄,2022-04-26
上海市静安区虬江路1497号,2022-04-26
上海市静安区曲沃路321弄,2022-04-26
上海市静安区曲沃路430弄,2022-04-26
上海市静安区曲沃路470弄,2022-04-26
上海市静安区三泉路415弄,2022-04-26
上海市静安区三泉路424弄,2022-04-26
上海市静安区三泉路510弄,2022-04-26
上海市静安区三泉路59号,2022-04-26
上海市静安区三泉路770弄,2022-04-26
上海市静安区三泉路821弄,2022-04-26
上海市静安区三泉路879号,2022-04-26
上海市静安区三泉路900弄,2022-04-26
上海市静安区三泉路925号,2022-04-26
上海市静安区三泉路999弄,2022-04-26
上海市静安区山西北路222弄,2022-04-26
上海市静安区陕西北路119弄,2022-04-26
上海市静安区陕西北路141弄,2022-04-26
上海市静安区陕西北路175弄,2022-04-26
上海市静安区陕西南路152号,2022-04-26
上海市静安区升平街41弄,2022-04-26
上海市静安区升平街79弄,2022-04-26
上海市静安区升平街83号,2022-04-26
上海市静安区石门二路258号,2022-04-26
上海市静安区石门二路503号,2022-04-26
上海市静安区石门一路29号,2022-04-26
上海市静安区石门一路31弄,2022-04-26
上海市静安区太阳山路188弄,2022-04-26
上海市静安区泰兴路555号,2022-04-26
上海市静安区泰兴路624弄,2022-04-26
上海市静安区泰兴路626号,2022-04-26
上海市静安区谈家桥路1100弄,2022-04-26
上海市静安区谈家桥路182号,2022-04-26
上海市静安区天目西路218号,2022-04-26
上海市静安区天目中路538号,2022-04-26
上海市静安区天目中路749弄,2022-04-26
上海市静安区天目中路780号,2022-04-26
上海市静安区通阁路187号,2022-04-26
上海市静安区通阁路190弄,2022-04-26
上海市静安区通阁路200弄,2022-04-26
上海市静安区通阁路205弄,2022-04-26
上海市静安区万航渡路223弄,2022-04-26
上海市静安区万航渡路226弄,2022-04-26
上海市静安区万航渡路320弄,2022-04-26
上海市静安区万航渡路388弄,2022-04-26
上海市静安区万航渡路623弄,2022-04-26
上海市静安区万航渡路661弄,2022-04-26
上海市静安区万航渡路759弄,2022-04-26
上海市静安区万荣路100号,2022-04-26
上海市静安区万荣路28号,2022-04-26
上海市静安区万荣路949弄,2022-04-26
上海市静安区王家宅路20号,2022-04-26
上海市静安区王家宅路34弄,2022-04-26
上海市静安区威海路629弄,2022-04-26
上海市静安区威海路673号,2022-04-26
上海市静安区威海路910弄,2022-04-26
上海市静安区闻喜路1110弄,2022-04-26
上海市静安区闻喜路590号,2022-04-26
上海市静安区闻喜路806弄,2022-04-26
上海市静安区闻喜路930弄,2022-04-26
上海市静安区汶水路649弄,2022-04-26
上海市静安区乌鲁木齐北路65弄,2022-04-26
上海市静安区乌镇路200号,2022-04-26
上海市静安区武定西路1470弄,2022-04-26
上海市静安区武宁南路438弄,2022-04-26
上海市静安区西宝兴路922弄,2022-04-26
上海市静安区西藏北路1000弄,2022-04-26
上海市静安区西藏北路1009号,2022-04-26
上海市静安区西藏北路1103弄,2022-04-26
上海市静安区西藏北路1308弄,2022-04-26
上海市静安区西藏北路1318号,2022-04-26
上海市静安区西藏北路21号,2022-04-26
上海市静安区西藏北路571号,2022-04-26
上海市静安区西藏北路853弄,2022-04-26
上海市静安区西藏北路854弄,2022-04-26
上海市静安区西藏北路970弄,2022-04-26
上海市静安区西藏北路979号,2022-04-26
上海市静安区西藏北路982号,2022-04-26
上海市静安区西藏北路985弄,2022-04-26
上海市静安区西藏北路987弄,2022-04-26
上海市静安区西藏北路988号,2022-04-26
上海市静安区西康路340号,2022-04-26
上海市静安区西苏州路85弄,2022-04-26
上海市静安区新疆路425号,2022-04-26
上海市静安区新马路187号,2022-04-26
上海市静安区新马路218号,2022-04-26
上海市静安区新闸路1124弄,2022-04-26
上海市静安区新闸路1911弄,2022-04-26
上海市静安区新闸路1999弄,2022-04-26
上海市静安区延安中路470弄,2022-04-26
上海市静安区延安中路540弄,2022-04-26
上海市静安区延安中路658号,2022-04-26
上海市静安区延安中路930弄,2022-04-26
上海市静安区延安中路955弄,2022-04-26
上海市静安区延平路200弄,2022-04-26
上海市静安区延平路446弄,2022-04-26
上海市静安区延平路481弄,2022-04-26
上海市静安区延长中路500弄,2022-04-26
上海市静安区延长中路628弄,2022-04-26
上海市静安区阳城路283弄,2022-04-26
上海市静安区阳曲路181弄,2022-04-26
上海市静安区阳曲路470弄,2022-04-26
上海市静安区永兴路310号,2022-04-26
上海市静安区永兴路37弄,2022-04-26
上海市静安区永兴路595弄,2022-04-26
上海市静安区永兴路672号,2022-04-26
上海市静安区永兴路928弄,2022-04-26
上海市静安区永兴路932号,2022-04-26
上海市静安区永兴小马路20号,2022-04-26
上海市静安区永兴小马路60号,2022-04-26
上海市静安区永兴小马路70号,2022-04-26
上海市静安区永兴支路1号,2022-04-26
上海市静安区余姚路318弄,2022-04-26
上海市静安区余姚路321弄,2022-04-26
上海市静安区余姚路487弄,2022-04-26
上海市静安区俞泾港路15弄,2022-04-26
上海市静安区俞泾港路6号,2022-04-26
上海市静安区愚园路361弄,2022-04-26
上海市静安区愚园路608弄,2022-04-26
上海市静安区愚园路641弄,2022-04-26
上海市静安区育婴堂路38弄,2022-04-26
上海市静安区原平路758弄,2022-04-26
上海市静安区原平路777弄,2022-04-26
上海市静安区止园路339号,2022-04-26
上海市静安区止园路381弄,2022-04-26
上海市静安区止园路400弄,2022-04-26
上海市静安区止园路406弄,2022-04-26
上海市静安区芷江西路123弄,2022-04-26
上海市静安区芷江西路165弄,2022-04-26
上海市静安区芷江西路220弄,2022-04-26
上海市静安区芷江西路226号,2022-04-26
上海市静安区芷江西路230号,2022-04-26
上海市静安区芷江西路26弄,2022-04-26
上海市静安区芷江西路270弄,2022-04-26
上海市静安区芷江西路285弄,2022-04-26
上海市静安区芷江西路393弄,2022-04-26
上海市静安区芷江西路593弄,2022-04-26
上海市静安区芷江中路413弄,2022-04-26
上海市静安区芷江中路418弄,2022-04-26
上海市静安区芷江中路428弄,2022-04-26
上海市静安区芷江中路459弄,2022-04-26
上海市静安区芷江中路493弄,2022-04-26
上海市静安区芷江中路495弄,2022-04-26
上海市静安区芷江中路497号,2022-04-26
上海市静安区芷江中路531弄,2022-04-26
上海市静安区芷江中路660弄,2022-04-26
上海市静安区中华新路199弄,2022-04-26
上海市静安区中华新路430号,2022-04-26
上海市静安区中华新路495号,2022-04-26
上海市静安区中华新路588弄,2022-04-26
上海市静安区中华新路619号,2022-04-26
上海市静安区中华新路718号,2022-04-26
上海市静安区中华新路730弄,2022-04-26
上海市静安区中华新路793弄,2022-04-26
上海市静安区中华新路815弄,2022-04-26
上海市静安区中华新路893弄,2022-04-26
上海市静安区中华新路927弄,2022-04-26
上海市静安区中华新路950号,2022-04-26
上海市静安区中山北路1060号,2022-04-26
上海市静安区中山北路197弄,2022-04-26
上海市静安区中山北路255弄,2022-04-26
上海市静安区中山北路570弄,2022-04-26
上海市静安区中山北路588号,2022-04-26
上海市静安区中山北路750弄,2022-04-26
上海市静安区中山北路758弄,2022-04-26
上海市静安区中山北路805弄,2022-04-26
上海市静安区中山北路899弄,2022-04-26
上海市静安区中山北路945弄,2022-04-26
上海市静安区中兴路1321弄,2022-04-26
上海市静安区中兴路1340弄,2022-04-26
上海市静安区中兴路1377弄,2022-04-26
上海市静安区中兴路1395弄,2022-04-26
上海市静安区中兴路329号,2022-04-26
上海市静安区中兴路457号,2022-04-26
上海市静安区中兴路662号,2022-04-26
上海市静安区中兴路818号,2022-04-26
上海市徐汇区安福路198号,2022-04-26
上海市徐汇区安福路53弄,2022-04-26
上海市徐汇区百色路133弄,2022-04-26
上海市徐汇区宾南路19弄,2022-04-26
上海市徐汇区宾南路36弄,2022-04-26
上海市徐汇区宾阳路62弄,2022-04-26
上海市徐汇区漕东支路111弄,2022-04-26
上海市徐汇区漕溪北路737弄,2022-04-26
上海市徐汇区漕溪二村,2022-04-26
上海市徐汇区漕溪四村,2022-04-26
上海市徐汇区漕溪一村,2022-04-26
上海市徐汇区茶陵路105弄,2022-04-26
上海市徐汇区茶陵路195弄,2022-04-26
上海市徐汇区茶陵路225弄,2022-04-26
上海市徐汇区茶陵路345弄,2022-04-26
上海市徐汇区茶陵路78号,2022-04-26
上海市徐汇区大木桥路158弄,2022-04-26
上海市徐汇区大木桥路237弄,2022-04-26
上海市徐汇区大木桥路247弄,2022-04-26
上海市徐汇区大木桥路325号,2022-04-26
上海市徐汇区东安二村,2022-04-26
上海市徐汇区东安路230弄,2022-04-26
上海市徐汇区东安路240弄,2022-04-26
上海市徐汇区东安路351弄,2022-04-26
上海市徐汇区东安路364弄,2022-04-26
上海市徐汇区东安路507号,2022-04-26
上海市徐汇区东安四村,2022-04-26
上海市徐汇区东安一村,2022-04-26
上海市徐汇区东泉路193号,2022-04-26
上海市徐汇区番禺路1160弄,2022-04-26
上海市徐汇区番禺路650弄,2022-04-26
上海市徐汇区番禺路801弄,2022-04-26
上海市徐汇区丰谷路205弄,2022-04-26
上海市徐汇区丰谷路35号,2022-04-26
上海市徐汇区枫林路331号,2022-04-26
上海市徐汇区复兴中路1195号,2022-04-26
上海市徐汇区复兴中路1199号,2022-04-26
上海市徐汇区复兴中路1218弄,2022-04-26
上海市徐汇区复兴中路1232弄,2022-04-26
上海市徐汇区复兴中路1235弄,2022-04-26
上海市徐汇区复兴中路1282弄,2022-04-26
上海市徐汇区广元西路88号,2022-04-26
上海市徐汇区桂林路565号,2022-04-26
上海市徐汇区桂林西街111弄,2022-04-26
上海市徐汇区桂林西街14弄,2022-04-26
上海市徐汇区桂林西街151弄,2022-04-26
上海市徐汇区桂林西街15弄,2022-04-26
上海市徐汇区桂林西街30弄,2022-04-26
上海市徐汇区桂林西街47弄,2022-04-26
上海市徐汇区桂平路350弄,2022-04-26
上海市徐汇区桂平路88弄,2022-04-26
上海市徐汇区桂平支路20弄,2022-04-26
上海市徐汇区桂平支路35弄,2022-04-26
上海市徐汇区虹漕路19弄,2022-04-26
上海市徐汇区虹漕南路99弄,2022-04-26
上海市徐汇区虹梅路2015弄,2022-04-26
上海市徐汇区虹桥路168号,2022-04-26
上海市徐汇区虹桥路666弄,2022-04-26
上海市徐汇区虹桥路693弄,2022-04-26
上海市徐汇区虹桥路772弄,2022-04-26
上海市徐汇区沪闵路9118号,2022-04-26
上海市徐汇区沪闵路9260弄,2022-04-26
上海市徐汇区华发路100弄,2022-04-26
上海市徐汇区华发路180弄,2022-04-26
上海市徐汇区华发路368弄,2022-04-26
上海市徐汇区华发路406弄,2022-04-26
上海市徐汇区华发路90弄,2022-04-26
上海市徐汇区华发路99弄,2022-04-26
上海市徐汇区华济路2弄,2022-04-26
上海市徐汇区华泾路999弄,2022-04-26
上海市徐汇区淮海西路221弄,2022-04-26
上海市徐汇区黄石路169弄,2022-04-26
上海市徐汇区汇成三村,2022-04-26
上海市徐汇区汇成四村,2022-04-26
上海市徐汇区汇成五村,2022-04-26
上海市徐汇区机场新村,2022-04-26
上海市徐汇区嘉善路101弄,2022-04-26
上海市徐汇区嘉善路117弄,2022-04-26
上海市徐汇区嘉善路140弄,2022-04-26
上海市徐汇区嘉善路236弄,2022-04-26
上海市徐汇区嘉善路53号,2022-04-26
上海市徐汇区建国西路211弄,2022-04-26
上海市徐汇区建国西路354弄,2022-04-26
上海市徐汇区建国西路358弄,2022-04-26
上海市徐汇区江安路58弄,2022-04-26
上海市徐汇区江南二村,2022-04-26
上海市徐汇区凯旋路1669号,2022-04-26
上海市徐汇区凯旋路2280弄,2022-04-26
上海市徐汇区凯旋路3188弄,2022-04-26
上海市徐汇区凯旋一村,2022-04-26
上海市徐汇区康健路100弄,2022-04-26
上海市徐汇区康健路25弄,2022-04-26
上海市徐汇区科苑新村,2022-04-26
上海市徐汇区老沪闵路1039弄,2022-04-26
上海市徐汇区老沪闵路1290弄,2022-04-26
上海市徐汇区老沪闵路1296弄,2022-04-26
上海市徐汇区老沪闵路706弄,2022-04-26
上海市徐汇区老沪闵路790弄,2022-04-26
上海市徐汇区乐山路25弄,2022-04-26
上海市徐汇区乐山路30弄,2022-04-26
上海市徐汇区乐山支路8弄,2022-04-26
上海市徐汇区临江路27号,2022-04-26
上海市徐汇区凌云新村,2022-04-26
上海市徐汇区零陵北路9弄,2022-04-26
上海市徐汇区零陵路250弄,2022-04-26
上海市徐汇区零陵路289弄,2022-04-26
上海市徐汇区零陵路677弄,2022-04-26
上海市徐汇区零陵路791弄,2022-04-26
上海市徐汇区柳州路460号,2022-04-26
上海市徐汇区龙漕路135弄,2022-04-26
上海市徐汇区龙漕路160弄,2022-04-26
上海市徐汇区龙华路127号,2022-04-26
上海市徐汇区龙华路2381弄,2022-04-26
上海市徐汇区龙华路3166弄,2022-04-26
上海市徐汇区龙华西路127号,2022-04-26
上海市徐汇区龙华西路15号,2022-04-26
上海市徐汇区龙华西路285弄,2022-04-26
上海市徐汇区龙华西路31弄,2022-04-26
上海市徐汇区龙华西路334弄,2022-04-26
上海市徐汇区龙华西路345弄,2022-04-26
上海市徐汇区龙华西路97号,2022-04-26
上海市徐汇区龙兰路388弄,2022-04-26
上海市徐汇区龙南三村,2022-04-26
上海市徐汇区龙南五村,2022-04-26
上海市徐汇区龙水北路900弄,2022-04-26
上海市徐汇区龙吴路1137弄,2022-04-26
上海市徐汇区龙吴路11弄,2022-04-26
上海市徐汇区龙吴路1323弄,2022-04-26
上海市徐汇区龙吴路1343弄,2022-04-26
上海市徐汇区龙吴路2388弄,2022-04-26
上海市徐汇区龙吴路2418弄,2022-04-26
上海市徐汇区龙吴路2888弄,2022-04-26
上海市徐汇区龙吴路288弄,2022-04-26
上海市徐汇区龙吴路398弄,2022-04-26
上海市徐汇区龙吟路455弄,2022-04-26
上海市徐汇区龙吟路500弄,2022-04-26
上海市徐汇区罗城路570号,2022-04-26
上海市徐汇区罗秀二村,2022-04-26
上海市徐汇区罗秀路1175弄,2022-04-26
上海市徐汇区罗秀路955弄,2022-04-26
上海市徐汇区罗秀三村,2022-04-26
上海市徐汇区梅陇九村,2022-04-26
上海市徐汇区梅陇路400号,2022-04-26
上海市徐汇区梅陇七村,2022-04-26
上海市徐汇区梅陇十一村,2022-04-26
上海市徐汇区南丹东路168弄,2022-04-26
上海市徐汇区南丹路181弄,2022-04-26
上海市徐汇区南丹路189弄,2022-04-26
上海市徐汇区南宁路501弄,2022-04-26
上海市徐汇区浦北路21弄,2022-04-26
上海市徐汇区浦北路948弄,2022-04-26
上海市徐汇区浦北路959弄,2022-04-26
上海市徐汇区钦州北路485号,2022-04-26
上海市徐汇区钦州路111弄,2022-04-26
上海市徐汇区钦州路760号,2022-04-26
上海市徐汇区钦州路860号,2022-04-26
上海市徐汇区钦州路900号,2022-04-26
上海市徐汇区清真路1615弄,2022-04-26
上海市徐汇区清真路99弄,2022-04-26
上海市徐汇区日晖二村,2022-04-26
上海市徐汇区日晖六村,2022-04-26
上海市徐汇区日晖七村,2022-04-26
上海市徐汇区日晖五村,2022-04-26
上海市徐汇区瑞金南路546号,2022-04-26
上海市徐汇区三江路301弄,2022-04-26
上海市徐汇区上中路100弄,2022-04-26
上海市徐汇区上中路289弄,2022-04-26
上海市徐汇区上中西路55弄,2022-04-26
上海市徐汇区石龙路285号,2022-04-26
上海市徐汇区石龙路321号,2022-04-26
上海市徐汇区石龙路345弄,2022-04-26
上海市徐汇区石龙路411弄,2022-04-26
上海市徐汇区石龙路569号,2022-04-26
上海市徐汇区石龙路980弄,2022-04-26
上海市徐汇区太原路165弄,2022-04-26
上海市徐汇区塘子泾234弄,2022-04-26
上海市徐汇区天等路258弄,2022-04-26
上海市徐汇区天平路310弄,2022-04-26
上海市徐汇区天钥桥路191弄,2022-04-26
上海市徐汇区天钥桥路380弄,2022-04-26
上海市徐汇区天钥桥南路1199弄,2022-04-26
上海市徐汇区天钥新村,2022-04-26
上海市徐汇区田林东路360弄,2022-04-26
上海市徐汇区田林东路411弄,2022-04-26
上海市徐汇区田林东路414弄,2022-04-26
上海市徐汇区田林二村,2022-04-26
上海市徐汇区田林路65弄,2022-04-26
上海市徐汇区田林路8号,2022-04-26
上海市徐汇区田林路90弄,2022-04-26
上海市徐汇区田林七村,2022-04-26
上海市徐汇区田林十四村,2022-04-26
上海市徐汇区田林一村,2022-04-26
上海市徐汇区宛南六村,2022-04-26
上海市徐汇区宛南三村,2022-04-26
上海市徐汇区宛南五村,2022-04-26
上海市徐汇区宛南二村,2022-04-26
上海市徐汇区宛南一村,2022-04-26
上海市徐汇区宛平南路144弄,2022-04-26
上海市徐汇区宛平南路268弄,2022-04-26
上海市徐汇区宛平南路521号,2022-04-26
上海市徐汇区宛平南路650号,2022-04-26
上海市徐汇区宛平南路658号,2022-04-26
上海市徐汇区乌鲁木齐中路186号,2022-04-26
上海市徐汇区乌鲁木齐中路261弄,2022-04-26
上海市徐汇区吴中东路500弄,2022-04-26
上海市徐汇区五原路212弄,2022-04-26
上海市徐汇区武康路73弄,2022-04-26
上海市徐汇区喜泰路247弄,2022-04-26
上海市徐汇区喜泰路253号,2022-04-26
上海市徐汇区襄阳南路306弄,2022-04-26
上海市徐汇区襄阳南路318号,2022-04-26
上海市徐汇区襄阳南路357弄,2022-04-26
上海市徐汇区襄阳南路358弄,2022-04-26
上海市徐汇区襄阳南路388弄,2022-04-26
上海市徐汇区襄阳南路452弄,2022-04-26
上海市徐汇区小木桥路101弄,2022-04-26
上海市徐汇区小木桥路345弄,2022-04-26
上海市徐汇区小木桥路360弄,2022-04-26
上海市徐汇区小木桥路440弄,2022-04-26
上海市徐汇区小木桥路515号,2022-04-26
上海市徐汇区小木桥路780号,2022-04-26
上海市徐汇区斜土路1077号,2022-04-26
上海市徐汇区斜土路1155弄,2022-04-26
上海市徐汇区斜土路1188号,2022-04-26
上海市徐汇区斜土路1216号,2022-04-26
上海市徐汇区斜土路1358弄,2022-04-26
上海市徐汇区斜土路1590号,2022-04-26
上海市徐汇区斜土路1642号,2022-04-26
上海市徐汇区斜土路1899弄,2022-04-26
上海市徐汇区斜土路1975弄,2022-04-26
上海市徐汇区斜土路2060弄,2022-04-26
上海市徐汇区斜土路2200弄,2022-04-26
上海市徐汇区斜土路2590弄,2022-04-26
上海市徐汇区秀山路4弄,2022-04-26
上海市徐汇区徐虹北路5弄,2022-04-26
上海市徐汇区宜山路250弄,2022-04-26
上海市徐汇区宜山路50弄,2022-04-26
上海市徐汇区宜山路518弄,2022-04-26
上海市徐汇区宜山路55号,2022-04-26
上海市徐汇区永嘉路291弄,2022-04-26
上海市徐汇区永嘉路353弄,2022-04-26
上海市徐汇区永嘉路385弄,2022-04-26
上海市徐汇区永康路109弄,2022-04-26
上海市徐汇区永康路141弄,2022-04-26
上海市徐汇区永康路66号,2022-04-26
上海市徐汇区裕德路45弄,2022-04-26
上海市徐汇区园南二村,2022-04-26
上海市徐汇区园南三村,2022-04-26
上海市徐汇区园南一村,2022-04-26
上海市徐汇区云锦路201弄,2022-04-26
上海市徐汇区长乐路339弄,2022-04-26
上海市徐汇区长乐路613弄,2022-04-26
上海市徐汇区长桥八村,2022-04-26
上海市徐汇区长桥三村,2022-04-26
上海市徐汇区长桥四村,2022-04-26
上海市徐汇区长桥五村,2022-04-26
上海市徐汇区长桥新村,2022-04-26
上海市徐汇区长桥一村,2022-04-26
上海市徐汇区肇嘉浜路201弄,2022-04-26
上海市徐汇区肇嘉浜路539号,2022-04-26
上海市徐汇区肇嘉浜路663号,2022-04-26
上海市徐汇区肇嘉浜路665号,2022-04-26
上海市徐汇区肇嘉浜路853弄,2022-04-26
上海市徐汇区正阳路47弄,2022-04-26
上海市徐汇区中漕路100弄,2022-04-26
上海市徐汇区中漕路111号,2022-04-26
上海市徐汇区中山南二路925弄,2022-04-26
上海市徐汇区中山西路1698弄,2022-04-26
上海市徐汇区中山西路1878弄,2022-04-26
上海市长宁区安化路311号,2022-04-26
上海市长宁区安化路315号,2022-04-26
上海市长宁区安化路331弄,2022-04-26
上海市长宁区安龙路929弄,2022-04-26
上海市长宁区安顺路169号,2022-04-26
上海市长宁区安顺路240弄,2022-04-26
上海市长宁区安顺路351弄,2022-04-26
上海市长宁区安顺路361弄,2022-04-26
上海市长宁区安顺路77弄,2022-04-26
上海市长宁区安顺路89弄,2022-04-26
上海市长宁区安西路658弄,2022-04-26
上海市长宁区长宁路1488弄,2022-04-26
上海市长宁区长宁路491弄,2022-04-26
上海市长宁区长宁支路165弄,2022-04-26
上海市长宁区长宁支路279弄,2022-04-26
上海市长宁区长顺路18号,2022-04-26
上海市长宁区长顺路20号,2022-04-26
上海市长宁区长顺路50弄,2022-04-26
上海市长宁区程家桥路80弄,2022-04-26
上海市长宁区程桥一村,2022-04-26
上海市长宁区定西路399弄,2022-04-26
上海市长宁区定西路419弄,2022-04-26
上海市长宁区定西路711号,2022-04-26
上海市长宁区定西路720弄,2022-04-26
上海市长宁区东诸安浜路231号,2022-04-26
上海市长宁区法华镇路101弄,2022-04-26
上海市长宁区法华镇路500弄,2022-04-26
上海市长宁区法华镇路751弄,2022-04-26
上海市长宁区法华镇路878弄,2022-04-26
上海市长宁区芙蓉江路388号,2022-04-26
上海市长宁区福泉路435弄,2022-04-26
上海市长宁区古北路211弄,2022-04-26
上海市长宁区古北路371弄,2022-04-26
上海市长宁区哈密路398弄,2022-04-26
上海市长宁区哈密路500弄,2022-04-26
上海市长宁区虹古路377弄,2022-04-26
上海市长宁区虹古路380弄,2022-04-26
上海市长宁区虹梅路3887弄,2022-04-26
上海市长宁区虹桥机场新村,2022-04-26
上海市长宁区虹桥路1985号,2022-04-26
上海市长宁区虹桥路953弄,2022-04-26
上海市长宁区虹桥路961弄,2022-04-26
上海市长宁区虹桥路996弄,2022-04-26
上海市长宁区华山路1635号,2022-04-26
上海市长宁区华阳路172弄,2022-04-26
上海市长宁区华阳路249弄,2022-04-26
上海市长宁区黄金城道619弄,2022-04-26
上海市长宁区江苏北路111弄,2022-04-26
上海市长宁区江苏路285弄,2022-04-26
上海市长宁区江苏路499弄,2022-04-26
上海市长宁区金钟路333弄,2022-04-26
上海市长宁区金钟路340弄,2022-04-26
上海市长宁区锦屏路71弄,2022-04-26
上海市长宁区凯旋路1153号,2022-04-26
上海市长宁区联建新村,2022-04-26
上海市长宁区娄山关路764弄,2022-04-26
上海市长宁区娄山关路810弄,2022-04-26
上海市长宁区茅台路270弄,2022-04-26
上海市长宁区茅台路300弄,2022-04-26
上海市长宁区茅台路601弄,2022-04-26
上海市长宁区茅台路691弄,2022-04-26
上海市长宁区茅台路830弄,2022-04-26
上海市长宁区番禺路222弄,2022-04-26
上海市长宁区平武路150弄,2022-04-26
上海市长宁区清池路200弄,2022-04-26
上海市长宁区泉口路109弄,2022-04-26
上海市长宁区泉口路185弄,2022-04-26
上海市长宁区泉口路225弄,2022-04-26
上海市长宁区水城路386弄,2022-04-26
上海市长宁区水城路883弄,2022-04-26
上海市长宁区水城南路16弄,2022-04-26
上海市长宁区淞虹路685弄,2022-04-26
上海市长宁区淞虹路715弄,2022-04-26
上海市长宁区淞虹路805弄,2022-04-26
上海市长宁区宋园路62弄,2022-04-26
上海市长宁区天山路665弄,2022-04-26
上海市长宁区天山路820弄,2022-04-26
上海市长宁区天山路938弄,2022-04-26
上海市长宁区天山三村,2022-04-26
上海市长宁区天山五村,2022-04-26
上海市长宁区天山西路351弄,2022-04-26
上海市长宁区天山西路445弄,2022-04-26
上海市长宁区万航渡路1384弄,2022-04-26
上海市长宁区万航渡路1424弄,2022-04-26
上海市长宁区武定西路1251弄,2022-04-26
上海市长宁区武定西路1371弄,2022-04-26
上海市长宁区武夷路253弄,2022-04-26
上海市长宁区武夷路450弄,2022-04-26
上海市长宁区武夷路461弄,2022-04-26
上海市长宁区武夷路466弄,2022-04-26
上海市长宁区武夷路491弄,2022-04-26
上海市长宁区武夷路555弄,2022-04-26
上海市长宁区西诸安浜路405弄,2022-04-26
上海市长宁区仙霞路15弄,2022-04-26
上海市长宁区仙霞路750弄,2022-04-26
上海市长宁区新华路210弄,2022-04-26
上海市长宁区新华路211弄,2022-04-26
上海市长宁区新华路569弄,2022-04-26
上海市长宁区新华路666弄,2022-04-26
上海市长宁区新华路726号,2022-04-26
上海市长宁区新泾四村,2022-04-26
上海市长宁区新泾五村,2022-04-26
上海市长宁区新泾一村,2022-04-26
上海市长宁区延安西路1030弄,2022-04-26
上海市长宁区延安西路1146号,2022-04-26
上海市长宁区延安西路1168号,2022-04-26
上海市长宁区延安西路1503弄,2022-04-26
上海市长宁区延安西路1521弄,2022-04-26
上海市长宁区延安西路1740弄,2022-04-26
上海市长宁区延安西路1764号,2022-04-26
上海市长宁区延安西路1768号,2022-04-26
上海市长宁区延安西路2029弄,2022-04-26
上海市长宁区延安西路2077号,2022-04-26
上海市长宁区杨宅路20号,2022-04-26
上海市长宁区伊犁路134弄,2022-04-26
上海市长宁区愚园路1376弄,2022-04-26
上海市长宁区愚园路838弄,2022-04-26
上海市长宁区玉屏南路377号,2022-04-26
上海市长宁区玉屏南路379号,2022-04-26
上海市长宁区玉屏南路537弄,2022-04-26
上海市长宁区玉屏南路560弄,2022-04-26
上海市长宁区玉屏南路561弄,2022-04-26
上海市长宁区昭化路508弄,2022-04-26
上海市长宁区昭化路518弄,2022-04-26
上海市长宁区昭化路555弄,2022-04-26
上海市长宁区昭化路55弄,2022-04-26
上海市长宁区镇宁路405弄,2022-04-26
上海市长宁区镇宁路465弄,2022-04-26
上海市长宁区中山西路1039弄,2022-04-26
上海市长宁区中山西路1265弄,2022-04-26
上海市长宁区中山西路800弄,2022-04-26
上海市长宁区紫云路118弄,2022-04-26
上海市长宁区遵义路402弄,2022-04-26
上海市长宁区遵义路435弄,2022-04-26
上海市长宁区遵义路780弄,2022-04-26
上海市长宁区遵义路800弄,2022-04-26
上海市长宁区遵义路820号,2022-04-26
上海市普陀区安远路188弄,2022-04-26
上海市普陀区安远路230弄,2022-04-26
上海市普陀区澳门路356号,2022-04-26
上海市普陀区白玉新村,2022-04-26
上海市普陀区北石路105号,2022-04-26
上海市普陀区北石路235弄,2022-04-26
上海市普陀区曹杨二村,2022-04-26
上海市普陀区曹杨三村,2022-04-26
上海市普陀区曹杨四村,2022-04-26
上海市普陀区曹杨七村,2022-04-26
上海市普陀区曹杨八村,2022-04-26
上海市普陀区曹杨路2288弄,2022-04-26
上海市普陀区曹杨路595号,2022-04-26
上海市普陀区曹杨路623弄,2022-04-26
上海市普陀区曹杨路675号,2022-04-26
上海市普陀区常德路1158弄,2022-04-26
上海市普陀区常德路1298弄,2022-04-26
上海市普陀区常德路1313号,2022-04-26
上海市普陀区长风一村,2022-04-26
上海市普陀区长风二村,2022-04-26
上海市普陀区长寿路181弄,2022-04-26
上海市普陀区长寿路478弄,2022-04-26
上海市普陀区长寿路68号,2022-04-26
上海市普陀区大渡河路1332弄,2022-04-26
上海市普陀区大渡河路1400弄,2022-04-26
上海市普陀区丹巴路1500弄,2022-04-26
上海市普陀区甘泉三村,2022-04-26
上海市普陀区古浪路288弄,2022-04-26
上海市普陀区古浪路355弄,2022-04-26
上海市普陀区古浪路518弄,2022-04-26
上海市普陀区光复西路1145弄,2022-04-26
上海市普陀区光复西路2163弄,2022-04-26
上海市普陀区华联路28号,2022-04-26
上海市普陀区华联路56号,2022-04-26
上海市普陀区华师大一村,2022-04-26
上海市普陀区吉镇路450弄,2022-04-26
上海市普陀区江宁路1415弄,2022-04-26
上海市普陀区胶州路1216弄,2022-04-26
上海市普陀区金沙江路2348弄,2022-04-26
上海市普陀区金沙江路2349弄,2022-04-26
上海市普陀区金汤路353弄,2022-04-26
上海市普陀区泾惠路24弄,2022-04-26
上海市普陀区靖边路199弄,2022-04-26
上海市普陀区凯旋北路1495号,2022-04-26
上海市普陀区凯旋北路1600号,2022-04-26
上海市普陀区礼泉路700弄,2022-04-26
上海市普陀区灵石路1082弄,2022-04-26
上海市普陀区灵石路1669弄,2022-04-26
上海市普陀区绿杨路51弄,2022-04-26
上海市普陀区梅川路43弄,2022-04-26
上海市普陀区梅川路800弄,2022-04-26
上海市普陀区梅川路888弄,2022-04-26
上海市普陀区梅川路999弄,2022-04-26
上海市普陀区南大街34弄,2022-04-26
上海市普陀区怒江路651弄,2022-04-26
上海市普陀区普雄路82弄,2022-04-26
上海市普陀区清峪路130弄,2022-04-26
上海市普陀区陕西北路1283弄,2022-04-26
上海市普陀区石岚三村,2022-04-26
上海市普陀区石泉东路168弄,2022-04-26
上海市普陀区石泉五村,2022-04-26
上海市普陀区双山路131弄,2022-04-26
上海市普陀区双山路55弄,2022-04-26
上海市普陀区绥德路470弄,2022-04-26
上海市普陀区绥德路607号,2022-04-26
上海市普陀区绥德路650号,2022-04-26
上海市普陀区泰山二村,2022-04-26
上海市普陀区泰山三村,2022-04-26
上海市普陀区桃浦路743弄,2022-04-26
上海市普陀区同普路1175弄,2022-04-26
上海市普陀区同普路1441弄,2022-04-26
上海市普陀区武宁路1068号,2022-04-26
上海市普陀区武宁路2089号,2022-04-26
上海市普陀区武宁路2525弄,2022-04-26
上海市普陀区武宁路492弄,2022-04-26
上海市普陀区武宁一村,2022-04-26
上海市普陀区武威路1082弄,2022-04-26
上海市普陀区武威路1087弄,2022-04-26
上海市普陀区西康路1048号,2022-04-26
上海市普陀区西康路989弄,2022-04-26
上海市普陀区西谈家渡路39弄,2022-04-26
上海市普陀区雪松路503弄,2022-04-26
上海市普陀区延长西路780弄,2022-04-26
上海市普陀区宜川二村,2022-04-26
上海市普陀区宜川三村,2022-04-26
上海市普陀区宜川四村,2022-04-26
上海市普陀区宜川五村,2022-04-26
上海市普陀区宜川六村,2022-04-26
上海市普陀区宜川路22号,2022-04-26
上海市普陀区银杏路120弄,2022-04-26
上海市普陀区枣阳路530弄,2022-04-26
上海市普陀区真北路1027号,2022-04-26
上海市普陀区真北路1143弄,2022-04-26
上海市普陀区真北路3725弄,2022-04-26
上海市普陀区真北路930弄,2022-04-26
上海市普陀区真陈路399号,2022-04-26
上海市普陀区真光路1915弄,2022-04-26
上海市普陀区真光路962弄,2022-04-26
上海市普陀区真华路388弄,2022-04-26
上海市普陀区真南路822弄521支弄,2022-04-26
上海市普陀区真如西村,2022-04-26
上海市普陀区中江路1067弄,2022-04-26
上海市普陀区中江路839号,2022-04-26
上海市普陀区中山北路3058号,2022-04-26
上海市普陀区中山北路3856弄,2022-04-26
上海市普陀区竹柳路50弄,2022-04-26
上海市虹口区安国路223弄,2022-04-26
上海市虹口区安国路28弄,2022-04-26
上海市虹口区安国路56号,2022-04-26
上海市虹口区宝安路102号,2022-04-26
上海市虹口区宝安路12号,2022-04-26
上海市虹口区宝安路160弄,2022-04-26
上海市虹口区宝安路241弄,2022-04-26
上海市虹口区宝安路309号,2022-04-26
上海市虹口区宝安路317号,2022-04-26
上海市虹口区宝安路60弄,2022-04-26
上海市虹口区宝山路621号,2022-04-26
上海市虹口区宝山路888弄,2022-04-26
上海市虹口区保定路185号,2022-04-26
上海市虹口区保定路20弄,2022-04-26
上海市虹口区保定路230号,2022-04-26
上海市虹口区保定路257号,2022-04-26
上海市虹口区保定路330号,2022-04-26
上海市虹口区保定路420号,2022-04-26
上海市虹口区保定路520弄,2022-04-26
上海市虹口区北海宁路220号,2022-04-26
上海市虹口区北海宁路64号,2022-04-26
上海市虹口区北苏州路400号,2022-04-26
上海市虹口区场中路10弄,2022-04-26
上海市虹口区场中路28弄,2022-04-26
上海市虹口区场中路4弄,2022-04-26
上海市虹口区场中路658号,2022-04-26
上海市虹口区场中路688号,2022-04-26
上海市虹口区场中路842弄,2022-04-26
上海市虹口区场中路8弄,2022-04-26
上海市虹口区长春路158号,2022-04-26
上海市虹口区长春路214弄,2022-04-26
上海市虹口区长阳路8号,2022-04-26
上海市虹口区车站北路400弄,2022-04-26
上海市虹口区车站北路500弄,2022-04-26
上海市虹口区车站北路567弄,2022-04-26
上海市虹口区车站北路611弄,2022-04-26
上海市虹口区车站北路625弄,2022-04-26
上海市虹口区车站北路715弄,2022-04-26
上海市虹口区车站北路727弄,2022-04-26
上海市虹口区车站南路291弄,2022-04-26
上海市虹口区车站南路407弄,2022-04-26
上海市虹口区车站西路309弄,2022-04-26
上海市虹口区池沟路60弄,2022-04-26
上海市虹口区大连西路165弄,2022-04-26
上海市虹口区大连西路201弄,2022-04-26
上海市虹口区大连西路23号,2022-04-26
上海市虹口区大连西路96号,2022-04-26
上海市虹口区丹徒路340弄,2022-04-26
上海市虹口区丹徒路377号,2022-04-26
上海市虹口区丹徒路405号,2022-04-26
上海市虹口区东宝兴路254弄,2022-04-26
上海市虹口区东宝兴路657弄,2022-04-26
上海市虹口区东大名路1118号,2022-04-26
上海市虹口区东汉阳路22号,2022-04-26
上海市虹口区东汉阳路309弄,2022-04-26
上海市虹口区东汉阳路405弄,2022-04-26
上海市虹口区东汉阳路408号,2022-04-26
上海市虹口区东汉阳路427弄,2022-04-26
上海市虹口区东汉阳路430号,2022-04-26
上海市虹口区东汉阳路440号,2022-04-26
上海市虹口区东江湾路440号,2022-04-26
上海市虹口区东江湾路444号,2022-04-26
上海市虹口区东江湾路570弄,2022-04-26
上海市虹口区东江湾路580弄,2022-04-26
上海市虹口区东体育会路100弄,2022-04-26
上海市虹口区东体育会路115弄,2022-04-26
上海市虹口区东体育会路1188号,2022-04-26
上海市虹口区东体育会路119弄,2022-04-26
上海市虹口区东体育会路401弄,2022-04-26
上海市虹口区东体育会路65弄,2022-04-26
上海市虹口区东体育会路669号,2022-04-26
上海市虹口区东体育会路70弄,2022-04-26
上海市虹口区东体育会路87号,2022-04-26
上海市虹口区东体育会支路65弄,2022-04-26
上海市虹口区东余杭路1025弄,2022-04-26
上海市虹口区东余杭路1168号,2022-04-26
上海市虹口区东余杭路211弄,2022-04-26
上海市虹口区东余杭路600号,2022-04-26
上海市虹口区东余杭路760弄,2022-04-26
上海市虹口区东余杭路964号,2022-04-26
上海市虹口区东长治路909弄,2022-04-26
上海市虹口区东长治路919号,2022-04-26
上海市虹口区多伦路177弄,2022-04-26
上海市虹口区多伦路201弄,2022-04-26
上海市虹口区多伦路239号,2022-04-26
上海市虹口区峨嵋路299弄,2022-04-26
上海市虹口区飞虹路237弄,2022-04-26
上海市虹口区飞虹路288弄,2022-04-26
上海市虹口区丰镇路14弄,2022-04-26
上海市虹口区丰镇路151弄,2022-04-26
上海市虹口区丰镇路19号,2022-04-26
上海市虹口区公平路36号,2022-04-26
上海市虹口区公平路768弄,2022-04-26
上海市虹口区沽源路128弄,2022-04-26
上海市虹口区广联路29弄,2022-04-26
上海市虹口区广灵二路295号,2022-04-26
上海市虹口区广灵二路298弄,2022-04-26
上海市虹口区广灵二路29号,2022-04-26
上海市虹口区广灵二路380弄,2022-04-26
上海市虹口区广灵四路365弄,2022-04-26
上海市虹口区广灵四路572弄,2022-04-26
上海市虹口区广灵一路74弄,2022-04-26
上海市虹口区广粤路1500弄,2022-04-26
上海市虹口区广粤路1601弄,2022-04-26
上海市虹口区广粤路281号,2022-04-26
上海市虹口区广粤路58号,2022-04-26
上海市虹口区广中路25弄,2022-04-26
上海市虹口区广中路653号,2022-04-26
上海市虹口区广中支路24弄,2022-04-26
上海市虹口区广中支路26号,2022-04-26
上海市虹口区海伦路178号,2022-04-26
上海市虹口区海伦路188弄,2022-04-26
上海市虹口区海伦路555弄,2022-04-26
上海市虹口区海伦路88弄,2022-04-26
上海市虹口区海伦西路30弄,2022-04-26
上海市虹口区海门路450号,2022-04-26
上海市虹口区海门路587号,2022-04-26
上海市虹口区海门路609号,2022-04-26
上海市虹口区恒业路118弄,2022-04-26
上海市虹口区横浜路123弄,2022-04-26
上海市虹口区横浜路158弄,2022-04-26
上海市虹口区横浜路35弄,2022-04-26
上海市虹口区横浜路47号,2022-04-26
上海市虹口区横浜路49号,2022-04-26
上海市虹口区横浜路63弄,2022-04-26
上海市虹口区虹关路88号,2022-04-26
上海市虹口区虹湾路288弄,2022-04-26
上海市虹口区虹湾路313弄,2022-04-26
上海市虹口区虹湾路55弄,2022-04-26
上海市虹口区虹湾路86弄,2022-04-26
上海市虹口区华昌路135号,2022-04-26
上海市虹口区华昌路183弄,2022-04-26
上海市虹口区华昌路9号,2022-04-26
上海市虹口区黄渡路29弄,2022-04-26
上海市虹口区黄渡路63弄,2022-04-26
上海市虹口区黄渡路74号,2022-04-26
上海市虹口区辉河路40弄,2022-04-26
上海市虹口区惠民路220弄,2022-04-26
上海市虹口区霍山路139弄,2022-04-26
上海市虹口区纪念路555弄,2022-04-26
上海市虹口区嘉兴路335号,2022-04-26
上海市虹口区建机新村,2022-04-26
上海市虹口区江杨南路55弄,2022-04-26
上海市虹口区金山路43号,2022-04-26
上海市虹口区金山路53号,2022-04-26
上海市虹口区金田路65号,2022-04-26
上海市虹口区奎照路11弄,2022-04-26
上海市虹口区奎照路280号,2022-04-26
上海市虹口区奎照路30弄,2022-04-26
上海市虹口区奎照路9号,2022-04-26
上海市虹口区昆明路173号,2022-04-26
上海市虹口区昆明路181号,2022-04-26
上海市虹口区昆山路136弄,2022-04-26
上海市虹口区昆山路162号,2022-04-26
上海市虹口区昆山路172弄,2022-04-26
上海市虹口区溧阳路1040弄,2022-04-26
上海市虹口区溧阳路1114弄,2022-04-26
上海市虹口区溧阳路1156弄,2022-04-26
上海市虹口区溧阳路1208弄,2022-04-26
上海市虹口区溧阳路1281号,2022-04-26
上海市虹口区溧阳路175号,2022-04-26
上海市虹口区溧阳路507号,2022-04-26
上海市虹口区凉城二村,2022-04-26
上海市虹口区凉城路1188弄,2022-04-26
上海市虹口区凉城路1315号,2022-04-26
上海市虹口区凉城路1318弄,2022-04-26
上海市虹口区凉城路1319号,2022-04-26
上海市虹口区凉城路210弄,2022-04-26
上海市虹口区凉城路212号,2022-04-26
上海市虹口区凉城路585弄,2022-04-26
上海市虹口区凉城路589弄,2022-04-26
上海市虹口区临平北路89弄,2022-04-26
上海市虹口区临平路133弄,2022-04-26
上海市虹口区临平路20弄,2022-04-26
上海市虹口区临平路256弄,2022-04-26
上海市虹口区临平路30弄,2022-04-26
上海市虹口区临平路333号,2022-04-26
上海市虹口区柳营路45弄,2022-04-26
上海市虹口区旅顺路199弄,2022-04-26
上海市虹口区马厂路250号,2022-04-26
上海市虹口区密云路199弄,2022-04-26
上海市虹口区密云路471弄,2022-04-26
上海市虹口区密云路621弄,2022-04-26
上海市虹口区闵行路181号,2022-04-26
上海市虹口区闵行路213号,2022-04-26
上海市虹口区欧阳路218弄,2022-04-26
上海市虹口区欧阳路289弄,2022-04-26
上海市虹口区欧阳路378弄,2022-04-26
上海市虹口区欧阳路452弄,2022-04-26
上海市虹口区欧阳路587弄,2022-04-26
上海市虹口区蟠龙街26号,2022-04-26
上海市虹口区虬江路49弄,2022-04-26
上海市虹口区曲阳路483弄,2022-04-26
上海市虹口区曲阳路487弄,2022-04-26
上海市虹口区曲阳路69弄,2022-04-26
上海市虹口区曲阳路851弄,2022-04-26
上海市虹口区瑞虹路233弄,2022-04-26
上海市虹口区瑞虹路25弄,2022-04-26
上海市虹口区瑞虹路28弄,2022-04-26
上海市虹口区瑞虹路8弄,2022-04-26
上海市虹口区三门路759弄,2022-04-26
上海市虹口区沙泾路148号,2022-04-26
上海市虹口区山阴路132弄,2022-04-26
上海市虹口区山阴路156弄,2022-04-26
上海市虹口区山阴路229弄,2022-04-26
上海市虹口区山阴路57弄,2022-04-26
上海市虹口区山阴路69弄,2022-04-26
上海市虹口区山阴路85弄,2022-04-26
上海市虹口区商丘路399弄,2022-04-26
上海市虹口区商业二村,2022-04-26
上海市虹口区水电路1013弄,2022-04-26
上海市虹口区水电路1303号,2022-04-26
上海市虹口区水电路1320弄,2022-04-26
上海市虹口区水电路1324弄,2022-04-26
上海市虹口区水电路1666弄,2022-04-26
上海市虹口区水电路191弄,2022-04-26
上海市虹口区水电路194号,2022-04-26
上海市虹口区水电路245弄,2022-04-26
上海市虹口区水电路261弄,2022-04-26
上海市虹口区水电路380号,2022-04-26
上海市虹口区水电路386弄,2022-04-26
上海市虹口区水电路609弄,2022-04-26
上海市虹口区水电路680号,2022-04-26
上海市虹口区四川北路1545弄,2022-04-26
上海市虹口区四川北路1569弄,2022-04-26
上海市虹口区四川北路1604弄,2022-04-26
上海市虹口区四川北路1774弄,2022-04-26
上海市虹口区四川北路1851号,2022-04-26
上海市虹口区四川北路1856弄,2022-04-26
上海市虹口区四川北路1885号,2022-04-26
上海市虹口区四川北路1906弄,2022-04-26
上海市虹口区四川北路1914号,2022-04-26
上海市虹口区四川北路1953弄,2022-04-26
上海市虹口区四川北路2015号,2022-04-26
上海市虹口区四川北路2023弄,2022-04-26
上海市虹口区四川北路525号,2022-04-26
上海市虹口区四川北路71号,2022-04-26
上海市虹口区四川北路787号,2022-04-26
上海市虹口区四川北路920号,2022-04-26
上海市虹口区四达路25弄,2022-04-26
上海市虹口区四达路57号,2022-04-26
上海市虹口区四达路58弄,2022-04-26
上海市虹口区四平路283弄,2022-04-26
上海市虹口区四平路285号,2022-04-26
上海市虹口区四平路327弄,2022-04-26
上海市虹口区四平路372号,2022-04-26
上海市虹口区四平路421弄,2022-04-26
上海市虹口区四平路480弄,2022-04-26
上海市虹口区四平路575弄,2022-04-26
上海市虹口区四平路591号,2022-04-26
上海市虹口区四平路621弄,2022-04-26
上海市虹口区四平路721号,2022-04-26
上海市虹口区唐山路577弄,2022-04-26
上海市虹口区唐山路708弄,2022-04-26
上海市虹口区塘沽路346号,2022-04-26
上海市虹口区天宝路15弄,2022-04-26
上海市虹口区天宝路181弄,2022-04-26
上海市虹口区天宝路410弄,2022-04-26
上海市虹口区天宝路466弄,2022-04-26
上海市虹口区天宝路59弄,2022-04-26
上海市虹口区天宝路881号,2022-04-26
上海市虹口区天宝西路231弄,2022-04-26
上海市虹口区天宝西路241弄,2022-04-26
上海市虹口区天宝西路242弄,2022-04-26
上海市虹口区天宝西路251弄,2022-04-26
上海市虹口区天宝西路252弄,2022-04-26
上海市虹口区天宝西路5弄,2022-04-26
上海市虹口区天虹路330号,2022-04-26
上海市虹口区天通庵路666弄,2022-04-26
上海市虹口区同鸣路140弄,2022-04-26
上海市虹口区同心路1035弄,2022-04-26
上海市虹口区同心路116弄,2022-04-26
上海市虹口区同心路125弄,2022-04-26
上海市虹口区同心路209弄,2022-04-26
上海市虹口区同心路589号,2022-04-26
上海市虹口区同心路69弄,2022-04-26
上海市虹口区同心路765弄,2022-04-26
上海市虹口区同心路959号,2022-04-26
上海市虹口区同心路975号,2022-04-26
上海市虹口区同心路990弄,2022-04-26
上海市虹口区万安路1213弄,2022-04-26
上海市虹口区万安路1323弄,2022-04-26
上海市虹口区万安路346弄,2022-04-26
上海市虹口区万安路669弄,2022-04-26
上海市虹口区万安路979弄,2022-04-26
上海市虹口区汶水东路650弄,2022-04-26
上海市虹口区汶水东路717弄,2022-04-26
上海市虹口区吴家湾路119号,2022-04-26
上海市虹口区吴淞路258号,2022-04-26
上海市虹口区吴淞路355弄,2022-04-26
上海市虹口区吴淞路400号,2022-04-26
上海市虹口区梧州路218弄,2022-04-26
上海市虹口区梧州路299弄,2022-04-26
上海市虹口区武昌路338号,2022-04-26
上海市虹口区武进路236号,2022-04-26
上海市虹口区武进路244号,2022-04-26
上海市虹口区武进路247号,2022-04-26
上海市虹口区物华路118弄,2022-04-26
上海市虹口区物华路73号,2022-04-26
上海市虹口区西宝兴路833号,2022-04-26
上海市虹口区西宝兴路949弄,2022-04-26
上海市虹口区西江湾路101号,2022-04-26
上海市虹口区西江湾路115号,2022-04-26
上海市虹口区西江湾路122号,2022-04-26
上海市虹口区祥德路124弄,2022-04-26
上海市虹口区祥德路139弄,2022-04-26
上海市虹口区祥德路180弄,2022-04-26
上海市虹口区祥德路264弄,2022-04-26
上海市虹口区祥德路274弄,2022-04-26
上海市虹口区祥德路335号,2022-04-26
上海市虹口区新港路18号,2022-04-26
上海市虹口区新港路22号,2022-04-26
上海市虹口区新港路69号,2022-04-26
上海市虹口区新广路251支弄,2022-04-26
上海市虹口区新市北路1508弄,2022-04-26
上海市虹口区新市北路1525弄,2022-04-26
上海市虹口区新市南路515弄,2022-04-26
上海市虹口区邢家桥路61号,2022-04-26
上海市虹口区杨树浦路189弄,2022-04-26
上海市虹口区杨树浦路198号,2022-04-26
上海市虹口区杨树浦路213号,2022-04-26
上海市虹口区逸仙路448号,2022-04-26
上海市虹口区逸仙路458弄,2022-04-26
上海市虹口区逸仙路490弄,2022-04-26
上海市虹口区榆林路93弄,2022-04-26
上海市虹口区玉田路414弄,2022-04-26
上海市虹口区玉田路426号,2022-04-26
上海市虹口区玉田支路18号,2022-04-26
上海市虹口区岳州路371弄,2022-04-26
上海市虹口区岳州路50号,2022-04-26
上海市虹口区运光路105弄,2022-04-26
上海市虹口区运光路60弄,2022-04-26
上海市虹口区乍浦路318号,2022-04-26
上海市虹口区乍浦路342号,2022-04-26
上海市虹口区乍浦路344弄,2022-04-26
上海市虹口区乍浦路350号,2022-04-26
上海市虹口区中山北一路1200号,2022-04-26
上海市虹口区中山北一路190号,2022-04-26
上海市虹口区中山北一路240号,2022-04-26
上海市虹口区中兴路110弄,2022-04-26
上海市虹口区中州路133弄,2022-04-26
上海市虹口区中州路64弄,2022-04-26
上海市虹口区中州路68弄,2022-04-26
上海市虹口区舟山路157弄,2022-04-26
上海市虹口区舟山路450弄,2022-04-26
上海市虹口区舟山路484号,2022-04-26
上海市虹口区周家嘴路338弄,2022-04-26
上海市虹口区周家嘴路484号,2022-04-26
上海市虹口区周家嘴路500号,2022-04-26
上海市虹口区周家嘴路547号,2022-04-26
上海市虹口区周家嘴路734号,2022-04-26
上海市虹口区周家嘴路86弄,2022-04-26
上海市虹口区周家嘴路980号,2022-04-26
上海市虹口区株洲路258弄,2022-04-26
上海市虹口区株洲路399弄,2022-04-26
上海市杨浦区爱囯路301弄,2022-04-26
上海市杨浦区安波路567弄,2022-04-26
上海市杨浦区安图路18弄,2022-04-26
上海市杨浦区鞍山六村,2022-04-26
上海市杨浦区鞍山路104号,2022-04-26
上海市杨浦区鞍山路310弄,2022-04-26
上海市杨浦区鞍山七村,2022-04-26
上海市杨浦区鞍山三村,2022-04-26
上海市杨浦区鞍山四村,2022-04-26
上海市杨浦区鞍山五村,2022-04-26
上海市杨浦区鞍山一村,2022-04-26
上海市杨浦区包头路1150弄,2022-04-26
上海市杨浦区包头南路638号,2022-04-26
上海市杨浦区本溪路137号,2022-04-26
上海市杨浦区本溪路138弄,2022-04-26
上海市杨浦区本溪路189弄,2022-04-26
上海市杨浦区本溪路197号,2022-04-26
上海市杨浦区波阳路16号,2022-04-26
上海市杨浦区沧州路180弄,2022-04-26
上海市杨浦区长白三村,2022-04-26
上海市杨浦区长海路136号,2022-04-26
上海市杨浦区长海四村,2022-04-26
上海市杨浦区长海一村,2022-04-26
上海市杨浦区长阳路1313号,2022-04-26
上海市杨浦区长阳路1315弄,2022-04-26
上海市杨浦区长阳路1318弄,2022-04-26
上海市杨浦区长阳路1841弄,2022-04-26
上海市杨浦区长阳路1969弄,2022-04-26
上海市杨浦区长阳路2320号,2022-04-26
上海市杨浦区长阳路2669号,2022-04-26
上海市杨浦区长阳路812号,2022-04-26
上海市杨浦区大连路1188弄,2022-04-26
上海市杨浦区大连路854弄,2022-04-26
上海市杨浦区大学路91号,2022-04-26
上海市杨浦区敦化路2弄,2022-04-26
上海市杨浦区敦化路3弄,2022-04-26
上海市杨浦区敦化路4弄,2022-04-26
上海市杨浦区飞虹路1047弄,2022-04-26
上海市杨浦区飞虹路755弄,2022-04-26
上海市杨浦区飞虹路760弄,2022-04-26
上海市杨浦区凤城六村,2022-04-26
上海市杨浦区凤城三村,2022-04-26
上海市杨浦区凤城一村,2022-04-26
上海市杨浦区凤南一村,2022-04-26
上海市杨浦区抚顺路250弄,2022-04-26
上海市杨浦区抚顺路256号,2022-04-26
上海市杨浦区抚顺路363弄,2022-04-26
上海市杨浦区抚顺路373弄,2022-04-26
上海市杨浦区抚顺路393弄,2022-04-26
上海市杨浦区阜新路169弄,2022-04-26
上海市杨浦区阜新路177号,2022-04-26
上海市杨浦区阜新路180弄,2022-04-26
上海市杨浦区阜新路181号,2022-04-26
上海市杨浦区阜新路182弄,2022-04-26
上海市杨浦区阜新路184弄,2022-04-26
上海市杨浦区工农四村,2022-04-26
上海市杨浦区共青路130号,2022-04-26
上海市杨浦区共青路357弄,2022-04-26
上海市杨浦区共青路3号,2022-04-26
上海市杨浦区共青路95号,2022-04-26
上海市杨浦区广远新村,2022-04-26
上海市杨浦区国宾路91号,2022-04-26
上海市杨浦区国定路227弄,2022-04-26
上海市杨浦区国定路288弄,2022-04-26
上海市杨浦区国定路299弄,2022-04-26
上海市杨浦区国定路320弄,2022-04-26
上海市杨浦区国定路580弄,2022-04-26
上海市杨浦区国定路600弄,2022-04-26
上海市杨浦区国定路700弄,2022-04-26
上海市杨浦区国定路77号,2022-04-26
上海市杨浦区国和二村,2022-04-26
上海市杨浦区国和路1069弄,2022-04-26
上海市杨浦区国和路605弄,2022-04-26
上海市杨浦区国和路611弄,2022-04-26
上海市杨浦区国和路858号,2022-04-26
上海市杨浦区国和一村,2022-04-26
上海市杨浦区国泓路833弄,2022-04-26
上海市杨浦区国京路60弄,2022-04-26
上海市杨浦区国年路102弄,2022-04-26
上海市杨浦区国年路250弄,2022-04-26
上海市杨浦区国年路65弄,2022-04-26
上海市杨浦区国权北路8弄,2022-04-26
上海市杨浦区国权东路99弄,2022-04-26
上海市杨浦区国权路300弄,2022-04-26
上海市杨浦区国权路33号,2022-04-26
上海市杨浦区国顺东路800号,2022-04-26
上海市杨浦区国顺路120弄,2022-04-26
上海市杨浦区国顺路280号,2022-04-26
上海市杨浦区国顺路375弄,2022-04-26
上海市杨浦区国顺路400弄,2022-04-26
上海市杨浦区国通路133号,2022-04-26
上海市杨浦区海州路215弄,2022-04-26
上海市杨浦区邯郸路470弄,2022-04-26
上海市杨浦区邯郸路500弄,2022-04-26
上海市杨浦区邯郸路524弄,2022-04-26
上海市杨浦区杭州路741号,2022-04-26
上海市杨浦区杭州路903号,2022-04-26
上海市杨浦区河间路1051弄,2022-04-26
上海市杨浦区恒耀路66弄,2022-04-26
上海市杨浦区浣纱四村,2022-04-26
上海市杨浦区黄兴路1019弄,2022-04-26
上海市杨浦区黄兴路1039弄,2022-04-26
上海市杨浦区黄兴路1059号,2022-04-26
上海市杨浦区黄兴路156号,2022-04-26
上海市杨浦区黄兴路1845号,2022-04-26
上海市杨浦区黄兴路2020弄,2022-04-26
上海市杨浦区黄兴路221号,2022-04-26
上海市杨浦区霍山路1191弄,2022-04-26
上海市杨浦区霍山路1196号,2022-04-26
上海市杨浦区吉浦路395弄,2022-04-26
上海市杨浦区佳木斯路110弄,2022-04-26
上海市杨浦区佳木斯路122号,2022-04-26
上海市杨浦区佳木斯路154弄,2022-04-26
上海市杨浦区佳木斯路315弄,2022-04-26
上海市杨浦区佳木斯路777号,2022-04-26
上海市杨浦区江浦路1177号,2022-04-26
上海市杨浦区江浦路1188号,2022-04-26
上海市杨浦区江浦路1275弄,2022-04-26
上海市杨浦区江浦路1315弄,2022-04-26
上海市杨浦区江浦路1380号,2022-04-26
上海市杨浦区江湾城路399弄,2022-04-26
上海市杨浦区锦西路150弄,2022-04-26
上海市杨浦区靖宇东路55弄,2022-04-26
上海市杨浦区靖宇南路5弄,2022-04-26
上海市杨浦区靖宇南路99弄,2022-04-26
上海市杨浦区靖宇中路70号,2022-04-26
上海市杨浦区军工路1300号,2022-04-26
上海市杨浦区军工路303号,2022-04-26
上海市杨浦区开鲁二村,2022-04-26
上海市杨浦区开鲁三村,2022-04-26
上海市杨浦区开鲁四村,2022-04-26
上海市杨浦区开鲁五村,2022-04-26
上海市杨浦区控江东三村,2022-04-26
上海市杨浦区控江二村,2022-04-26
上海市杨浦区控江六村,2022-04-26
上海市杨浦区控江路1033号,2022-04-26
上海市杨浦区控江路1039弄,2022-04-26
上海市杨浦区控江路1211号,2022-04-26
上海市杨浦区控江路121弄,2022-04-26
上海市杨浦区控江路128弄,2022-04-26
上海市杨浦区控江路1500弄,2022-04-26
上海市杨浦区控江路1545弄,2022-04-26
上海市杨浦区控江路34号,2022-04-26
上海市杨浦区控江路645弄,2022-04-26
上海市杨浦区控江路650弄,2022-04-26
上海市杨浦区控江路689号,2022-04-26
上海市杨浦区控江路740弄,2022-04-26
上海市杨浦区控江路802弄,2022-04-26
上海市杨浦区控江路888弄,2022-04-26
上海市杨浦区控江七村,2022-04-26
上海市杨浦区控江四村,2022-04-26
上海市杨浦区控江五村,2022-04-26
上海市杨浦区控江西三村,2022-04-26
上海市杨浦区控江一村,2022-04-26
上海市杨浦区兰州路1100弄,2022-04-26
上海市杨浦区黎平路1号,2022-04-26
上海市杨浦区辽源西路105号,2022-04-26
上海市杨浦区辽源西路230弄,2022-04-26
上海市杨浦区龙江路289弄,2022-04-26
上海市杨浦区龙江路388弄,2022-04-26
上海市杨浦区龙口路165号,2022-04-26
上海市杨浦区隆昌路18号,2022-04-26
上海市杨浦区隆昌路247弄,2022-04-26
上海市杨浦区隆昌路249弄,2022-04-26
上海市杨浦区隆昌路362号,2022-04-26
上海市杨浦区隆昌路468弄,2022-04-26
上海市杨浦区隆昌路530号,2022-04-26
上海市杨浦区隆昌路541弄,2022-04-26
上海市杨浦区隆昌路66号,2022-04-26
上海市杨浦区隆昌路690号,2022-04-26
上海市杨浦区眉州路100弄,2022-04-26
上海市杨浦区眉州路272号,2022-04-26
上海市杨浦区眉州路300号,2022-04-26
上海市杨浦区眉州路420弄,2022-04-26
上海市杨浦区眉州路515弄,2022-04-26
上海市杨浦区眉州路938弄,2022-04-26
上海市杨浦区密云路454弄,2022-04-26
上海市杨浦区民府路129号,2022-04-26
上海市杨浦区民府路710号,2022-04-26
上海市杨浦区民京路838弄,2022-04-26
上海市杨浦区民京路960号,2022-04-26
上海市杨浦区民星路50号,2022-04-26
上海市杨浦区内江二村,2022-04-26
上海市杨浦区内江路260号,2022-04-26
上海市杨浦区内江路30号,2022-04-26
上海市杨浦区内江路360号,2022-04-26
上海市杨浦区内江路476弄,2022-04-26
上海市杨浦区内江路9号,2022-04-26
上海市杨浦区宁武路218弄,2022-04-26
上海市杨浦区宁武路238弄,2022-04-26
上海市杨浦区宁武路445弄,2022-04-26
上海市杨浦区平凉路1055号,2022-04-26
上海市杨浦区平凉路1365弄,2022-04-26
上海市杨浦区平凉路1503号,2022-04-26
上海市杨浦区平凉路1638号,2022-04-26
上海市杨浦区平凉路1640号,2022-04-26
上海市杨浦区平凉路1734号,2022-04-26
上海市杨浦区平凉路1782弄,2022-04-26
上海市杨浦区平凉路1890号,2022-04-26
上海市杨浦区平凉路1970号,2022-04-26
上海市杨浦区平凉路1975弄,2022-04-26
上海市杨浦区平凉路1976弄,2022-04-26
上海市杨浦区平凉路1978号,2022-04-26
上海市杨浦区平凉路1988号,2022-04-26
上海市杨浦区平凉路199号,2022-04-26
上海市杨浦区平凉路2677弄,2022-04-26
上海市杨浦区平凉路2767弄,2022-04-26
上海市杨浦区齐齐哈尔路568弄,2022-04-26
上海市杨浦区虬江码头路1弄,2022-04-26
上海市杨浦区虬江码头路2号,2022-04-26
上海市杨浦区虬江码头路5号,2022-04-26
上海市杨浦区仁德路67弄,2022-04-26
上海市杨浦区三门路358弄,2022-04-26
上海市杨浦区三门路480弄,2022-04-26
上海市杨浦区三门路510弄,2022-04-26
上海市杨浦区三门路550号,2022-04-26
上海市杨浦区沈阳路148号,2022-04-26
上海市杨浦区沈阳路275号,2022-04-26
上海市杨浦区沈阳路41弄,2022-04-26
上海市杨浦区世界路43弄,2022-04-26
上海市杨浦区世界路65弄,2022-04-26
上海市杨浦区世界路91弄,2022-04-26
上海市杨浦区世界路99弄,2022-04-26
上海市杨浦区市光二村,2022-04-26
上海市杨浦区市光路133弄,2022-04-26
上海市杨浦区市光路138号,2022-04-26
上海市杨浦区市光路165弄,2022-04-26
上海市杨浦区市光路166弄,2022-04-26
上海市杨浦区市光路390弄,2022-04-26
上海市杨浦区市光路70弄,2022-04-26
上海市杨浦区市光四村,2022-04-26
上海市杨浦区市光一村,2022-04-26
上海市杨浦区双辽路155弄,2022-04-26
上海市杨浦区双辽路200弄,2022-04-26
上海市杨浦区双辽路231号,2022-04-26
上海市杨浦区双辽新村,2022-04-26
上海市杨浦区双辽支路45弄,2022-04-26
上海市杨浦区双辽支路60弄,2022-04-26
上海市杨浦区双辽支路65弄,2022-04-26
上海市杨浦区双辽支路70弄,2022-04-26
上海市杨浦区双阳二村,2022-04-26
上海市杨浦区双阳路124弄,2022-04-26
上海市杨浦区双阳路291弄,2022-04-26
上海市杨浦区双阳路301号,2022-04-26
上海市杨浦区双阳路502弄,2022-04-26
上海市杨浦区双阳路50弄,2022-04-26
上海市杨浦区双阳路594弄,2022-04-26
上海市杨浦区双阳路604弄,2022-04-26
上海市杨浦区双阳路666弄,2022-04-26
上海市杨浦区双阳路68弄,2022-04-26
上海市杨浦区双阳一村,2022-04-26
上海市杨浦区双阳支路28弄,2022-04-26
上海市杨浦区双阳支路38弄,2022-04-26
上海市杨浦区顺平路59弄,2022-04-26
上海市杨浦区顺平路60弄,2022-04-26
上海市杨浦区四平路1028弄,2022-04-26
上海市杨浦区四平路1145弄,2022-04-26
上海市杨浦区四平路1251号,2022-04-26
上海市杨浦区四平路1950弄,2022-04-26
上海市杨浦区松花江路127号,2022-04-26
上海市杨浦区松花江路333号,2022-04-26
上海市杨浦区松花江路928号,2022-04-26
上海市杨浦区松花一村,2022-04-26
上海市杨浦区苏家屯路29弄,2022-04-26
上海市杨浦区唐山路1018号,2022-04-26
上海市杨浦区铁岭路10弄,2022-04-26
上海市杨浦区铁岭路110弄,2022-04-26
上海市杨浦区铁岭路50弄,2022-04-26
上海市杨浦区图们路10弄,2022-04-26
上海市杨浦区武川路222弄,2022-04-26
上海市杨浦区武川路75弄,2022-04-26
上海市杨浦区武川路9号,2022-04-26
上海市杨浦区武东路28弄,2022-04-26
上海市杨浦区翔殷路491弄,2022-04-26
上海市杨浦区翔殷路500弄,2022-04-26
上海市杨浦区翔殷路582号,2022-04-26
上海市杨浦区翔殷路791弄,2022-04-26
上海市杨浦区许昌路1128弄,2022-04-26
上海市杨浦区许昌路1220号,2022-04-26
上海市杨浦区许昌路1600号,2022-04-26
上海市杨浦区延吉东路125弄,2022-04-26
上海市杨浦区延吉东路130弄,2022-04-26
上海市杨浦区延吉东路131弄,2022-04-26
上海市杨浦区延吉东路137弄,2022-04-26
上海市杨浦区延吉东路315弄,2022-04-26
上海市杨浦区延吉东路555弄,2022-04-26
上海市杨浦区延吉东路557弄,2022-04-26
上海市杨浦区延吉二村,2022-04-26
上海市杨浦区延吉七村,2022-04-26
上海市杨浦区延吉四村,2022-04-26
上海市杨浦区延吉西路80弄,2022-04-26
上海市杨浦区延吉一村,2022-04-26
上海市杨浦区延吉中路101号,2022-04-26
上海市杨浦区延吉中路25弄,2022-04-26
上海市杨浦区杨树浦路1177弄,2022-04-26
上海市杨浦区杨树浦路1455弄,2022-04-26
上海市杨浦区杨树浦路2811弄,2022-04-26
上海市杨浦区杨树浦路2866号,2022-04-26
上海市杨浦区殷行二村,2022-04-26
上海市杨浦区殷行路305弄,2022-04-26
上海市杨浦区殷行路310弄,2022-04-26
上海市杨浦区殷行一村,2022-04-26
上海市杨浦区闸殷村,2022-04-26
上海市杨浦区闸殷路155号,2022-04-26
上海市杨浦区闸殷路75弄,2022-04-26
上海市杨浦区政本路119号,2022-04-26
上海市杨浦区政澄路79号,2022-04-26
上海市杨浦区政旦东路8号,2022-04-26
上海市杨浦区政府路91弄,2022-04-26
上海市杨浦区政和路538弄,2022-04-26
上海市杨浦区政和路999弄,2022-04-26
上海市杨浦区政立路489号,2022-04-26
上海市杨浦区政立路580弄,2022-04-26
上海市杨浦区政立路6弄,2022-04-26
上海市杨浦区政立路810弄,2022-04-26
上海市杨浦区政立路821弄,2022-04-26
上海市杨浦区政立路830弄,2022-04-26
上海市杨浦区政民路200弄,2022-04-26
上海市杨浦区政民路230弄,2022-04-26
上海市杨浦区政民路511弄,2022-04-26
上海市杨浦区政青路99号,2022-04-26
上海市杨浦区政肃路45弄,2022-04-26
上海市杨浦区政肃路95弄,2022-04-26
上海市杨浦区政通路285弄,2022-04-26
上海市杨浦区政通路305弄,2022-04-26
上海市杨浦区政通路42弄,2022-04-26
上海市杨浦区政通路97号,2022-04-26
上海市杨浦区政修路11号,2022-04-26
上海市杨浦区政修路3号,2022-04-26
上海市杨浦区政悦路588弄,2022-04-26
上海市杨浦区中山北二路99弄,2022-04-26
上海市杨浦区中原路99弄,2022-04-26
上海市杨浦区周家嘴路1219号,2022-04-26
上海市杨浦区周家嘴路1220弄,2022-04-26
上海市杨浦区周家嘴路1229号,2022-04-26
上海市杨浦区周家嘴路3118弄,2022-04-26
上海市杨浦区周家嘴路3124号,2022-04-26
上海市杨浦区周家嘴路3348号,2022-04-26
上海市杨浦区周家嘴路4500号,2022-04-26
上海市宝山区爱辉路28弄,2022-04-26
上海市宝山区爱辉路1018弄,2022-04-26
上海市宝山区安达路288号,2022-04-26
上海市宝山区宝安公路8号,2022-04-26
上海市宝山区宝安公路88号,2022-04-26
上海市宝山区宝安公路319号,2022-04-26
上海市宝山区宝祁路399号,2022-04-26
上海市宝山区宝祁路638号,2022-04-26
上海市宝山区宝杨路1941弄,2022-04-26
上海市宝山区宝杨路2020号,2022-04-26
上海市宝山区宝杨路2021弄,2022-04-26
上海市宝山区宝杨路2024号,2022-04-26
上海市宝山区宝杨路2035号,2022-04-26
上海市宝山区宝杨路3050弄,2022-04-26
上海市宝山区宝杨路3158弄,2022-04-26
上海市宝山区宝杨路3188弄,2022-04-26
上海市宝山区宝杨路3256弄,2022-04-26
上海市宝山区宝杨路3288弄,2022-04-26
上海市宝山区北宗村路99弄,2022-04-26
上海市宝山区布长街52弄,2022-04-26
上海市宝山区采江路9弄,2022-04-26
上海市宝山区长江路54号,2022-04-26
上海市宝山区长江路440弄,2022-04-26
上海市宝山区长江路780弄,2022-04-26
上海市宝山区长江路848弄,2022-04-26
上海市宝山区长江西路581弄,2022-04-26
上海市宝山区长江西路1241号,2022-04-26
上海市宝山区长江西路1321号,2022-04-26
上海市宝山区长江西路1360号,2022-04-26
上海市宝山区长江西路1361号,2022-04-26
上海市宝山区长江西路1371号,2022-04-26
上海市宝山区长临路1118弄,2022-04-26
上海市宝山区长逸路301弄,2022-04-26
上海市宝山区场北路39弄,2022-04-26
上海市宝山区场北路551弄,2022-04-26
上海市宝山区场中路4079弄,2022-04-26
上海市宝山区陈川路555弄,2022-04-26
上海市宝山区城银路555弄,2022-04-26
上海市宝山区川念路333号,2022-04-26
上海市宝山区春雷路331弄,2022-04-26
上海市宝山区春雷路332弄,2022-04-26
上海市宝山区春雷路431弄,2022-04-26
上海市宝山区大华路301弄,2022-04-26
上海市宝山区大华路455弄,2022-04-26
上海市宝山区大华路988弄,2022-04-26
上海市宝山区丹霞山路50弄,2022-04-26
上海市宝山区德都路28弄,2022-04-26
上海市宝山区德都路168弄,2022-04-26
上海市宝山区电台路599弄,2022-04-26
上海市宝山区鄂尔多斯路98弄,2022-04-26
上海市宝山区二纺新工房,2022-04-26
上海市宝山区丰皓路658弄,2022-04-26
上海市宝山区丰翔路1500号,2022-04-26
上海市宝山区福双路56弄,2022-04-26
上海市宝山区抚远路283弄,2022-04-26
上海市宝山区抚远路993弄,2022-04-26
上海市宝山区抚远路1288弄,2022-04-26
上海市宝山区富锦路1218号,2022-04-26
上海市宝山区富锦路1368弄,2022-04-26
上海市宝山区富锦路1500号,2022-04-26
上海市宝山区富锦路1659弄,2022-04-26
上海市宝山区富锦路1815弄,2022-04-26
上海市宝山区富锦路2018号,2022-04-26
上海市宝山区富联路25弄,2022-04-26
上海市宝山区富桥路89号,2022-04-26
上海市宝山区富杨路223弄,2022-04-26
上海市宝山区富杨路389号,2022-04-26
上海市宝山区钢四路88号,2022-04-26
上海市宝山区高境路477弄,2022-04-26
上海市宝山区革新路11号,2022-04-26
上海市宝山区革新路15号,2022-04-26
上海市宝山区革新路17号,2022-04-26
上海市宝山区革新路20号,2022-04-26
上海市宝山区革新路21号,2022-04-26
上海市宝山区革新路29号,2022-04-26
上海市宝山区革新路33号,2022-04-26
上海市宝山区革新路35号,2022-04-26
上海市宝山区革新路39号,2022-04-26
上海市宝山区共富路99弄,2022-04-26
上海市宝山区共和新路4719弄,2022-04-26
上海市宝山区共和新路5288号,2022-04-26
上海市宝山区共和新路5380弄,2022-04-26
上海市宝山区共江路1128弄,2022-04-26
上海市宝山区共康路850号,2022-04-26
上海市宝山区共祥路439号,2022-04-26
上海市宝山区共祥路688号,2022-04-26
上海市宝山区共祥路889号,2022-04-26
上海市宝山区共悦路29号,2022-04-26
上海市宝山区顾北东路88弄,2022-04-26
上海市宝山区顾北东路155弄,2022-04-26
上海市宝山区顾北路39弄,2022-04-26
上海市宝山区顾北路666弄,2022-04-26
上海市宝山区顾北路680弄,2022-04-26
上海市宝山区顾泾河路45号,2022-04-26
上海市宝山区顾新东路387弄,2022-04-26
上海市宝山区国权北路220弄,2022-04-26
上海市宝山区海笛路199弄,2022-04-26
上海市宝山区韩家湾101号,2022-04-26
上海市宝山区行知路50弄,2022-04-26
上海市宝山区行知路572弄,2022-04-26
上海市宝山区鹤岗路31号,2022-04-26
上海市宝山区鹤林路58弄,2022-04-26
上海市宝山区鹤林路299弄,2022-04-26
上海市宝山区恒高路127弄,2022-04-26
上海市宝山区恒高路128弄,2022-04-26
上海市宝山区红林路58弄,2022-04-26
上海市宝山区红林路99弄,2022-04-26
上海市宝山区红林路576弄,2022-04-26
上海市宝山区呼兰路455号,2022-04-26
上海市宝山区呼兰路485号,2022-04-26
上海市宝山区呼兰路515弄,2022-04-26
上海市宝山区呼兰路799号,2022-04-26
上海市宝山区呼兰西路60弄,2022-04-26
上海市宝山区呼玛路537号,2022-04-26
上海市宝山区呼玛路549号,2022-04-26
上海市宝山区虎林路18号,2022-04-26
上海市宝山区虎林路514号,2022-04-26
上海市宝山区虎林路516号,2022-04-26
上海市宝山区虎林路518弄,2022-04-26
上海市宝山区虎林路800弄,2022-04-26
上海市宝山区虎林路888号,2022-04-26
上海市宝山区虎林路890号,2022-04-26
上海市宝山区虎林路950号,2022-04-26
上海市宝山区沪太路1500弄,2022-04-26
上海市宝山区沪太路1765弄,2022-04-26
上海市宝山区沪太路3611弄,2022-04-26
上海市宝山区沪太路3633号,2022-04-26
上海市宝山区沪太路3717弄,2022-04-26
上海市宝山区沪太路5551号,2022-04-26
上海市宝山区沪太路6058弄,2022-04-26
上海市宝山区沪太支路488号,2022-04-26
上海市宝山区华和路728弄,2022-04-26
上海市宝山区华灵路82弄,2022-04-26
上海市宝山区华灵路510弄,2022-04-26
上海市宝山区华灵路560弄,2022-04-26
上海市宝山区华灵路630弄,2022-04-26
上海市宝山区华灵路1225弄,2022-04-26
上海市宝山区华灵路1900弄,2022-04-26
上海市宝山区环镇北路417弄,2022-04-26
上海市宝山区环镇北路500弄,2022-04-26
上海市宝山区环镇北路509弄,2022-04-26
上海市宝山区环镇北路699弄,2022-04-26
上海市宝山区吉浦路615弄,2022-04-26
上海市宝山区集贤路700弄,2022-04-26
上海市宝山区集贤路800弄,2022-04-26
上海市宝山区江杨北路1639弄,2022-04-26
上海市宝山区江杨南路2550弄,2022-04-26
上海市宝山区界华路100弄,2022-04-26
上海市宝山区金塘路1号,2022-04-26
上海市宝山区锦宏路9号,2022-04-26
上海市宝山区锦秋路699弄,2022-04-26
上海市宝山区锦秋路871号,2022-04-26
上海市宝山区锦秋路1456弄,2022-04-26
上海市宝山区锦秋路1601弄,2022-04-26
上海市宝山区锦秋路2509号,2022-04-26
上海市宝山区锦伟路639号,2022-04-26
上海市宝山区菊联路233弄,2022-04-26
上海市宝山区菊泉街1280弄,2022-04-26
上海市宝山区菊泉街1346弄,2022-04-26
上海市宝山区菊泉街1969弄,2022-04-26
上海市宝山区菊泉街2899弄,2022-04-26
上海市宝山区菊盛路50弄,2022-04-26
上海市宝山区菊盛路851弄,2022-04-26
上海市宝山区菊盛路1158弄,2022-04-26
上海市宝山区菊太路999弄,2022-04-26
上海市宝山区菊太路1221弄,2022-04-26
上海市宝山区菊太路1399弄,2022-04-26
上海市宝山区菊太路1755弄,2022-04-26
上海市宝山区聚丰园路500弄,2022-04-26
上海市宝山区聚丰园路628弄,2022-04-26
上海市宝山区聚丰园路669弄,2022-04-26
上海市宝山区克山路12号,2022-04-26
上海市宝山区兰岗路679号,2022-04-26
上海市宝山区老军工路3945号,2022-04-26
上海市宝山区莲花山路517弄,2022-04-26
上海市宝山区联泰路63号,2022-04-26
上海市宝山区联泰路158弄,2022-04-26
上海市宝山区联杨路2685号,2022-04-26
上海市宝山区联谊路501弄,2022-04-26
上海市宝山区联长路57号,2022-04-26
上海市宝山区联长路69号,2022-04-26
上海市宝山区陆翔路678弄,2022-04-26
上海市宝山区陆翔路3500弄,2022-04-26
上海市宝山区罗东路50弄,2022-04-26
上海市宝山区罗东路51弄,2022-04-26
上海市宝山区罗芬路1288弄,2022-04-26
上海市宝山区罗和路118弄,2022-04-26
上海市宝山区罗升路300号,2022-04-26
上海市宝山区罗盛路588号,2022-04-26
上海市宝山区罗太路533弄,2022-04-26
上海市宝山区罗贤路388弄,2022-04-26
上海市宝山区罗迎路188弄,2022-04-26
上海市宝山区罗真路188弄,2022-04-26
上海市宝山区罗智路258弄,2022-04-26
上海市宝山区洛场路60号,2022-04-26
上海市宝山区洛场路118号,2022-04-26
上海市宝山区毛家路212弄,2022-04-26
上海市宝山区毛家路409弄,2022-04-26
上海市宝山区毛家路600弄,2022-04-26
上海市宝山区毛家路601弄,2022-04-26
上海市宝山区毛家路800弄,2022-04-26
上海市宝山区毛家路801弄,2022-04-26
上海市宝山区湄星路2025弄,2022-04-26
上海市宝山区湄星路2568号,2022-04-26
上海市宝山区美艾路177弄,2022-04-26
上海市宝山区美丹路222号,2022-04-26
上海市宝山区美平路288弄,2022-04-26
上海市宝山区美平路745弄,2022-04-26
上海市宝山区美秀路558弄,2022-04-26
上海市宝山区南陈路278弄,2022-04-26
上海市宝山区南大路20弄,2022-04-26
上海市宝山区南大路146弄,2022-04-26
上海市宝山区南大路160弄,2022-04-26
上海市宝山区南大路180弄,2022-04-26
上海市宝山区南大路190弄,2022-04-26
上海市宝山区南大路210弄,2022-04-26
上海市宝山区南东路108弄,2022-04-26
上海市宝山区南弄街50号,2022-04-26
上海市宝山区南汀路1号,2022-04-26
上海市宝山区南汀路33号,2022-04-26
上海市宝山区南汀路300号,2022-04-26
上海市宝山区南蕰藻路161号,2022-04-26
上海市宝山区南蕰藻路1088号,2022-04-26
上海市宝山区南蕰藻路1580号,2022-04-26
上海市宝山区年吉路650弄,2022-04-26
上海市宝山区潘广路148号,2022-04-26
上海市宝山区潘广路1765弄,2022-04-26
上海市宝山区潘泾路238弄,2022-04-26
上海市宝山区潘泾路800弄,2022-04-26
上海市宝山区潘泾路1101号,2022-04-26
上海市宝山区潘泾路1225号,2022-04-26
上海市宝山区潘泾路1245号,2022-04-26
上海市宝山区潘新路255弄,2022-04-26
上海市宝山区盘古路538号,2022-04-26
上海市宝山区盘古路838号,2022-04-26
上海市宝山区盘古路927弄,2022-04-26
上海市宝山区盘古路1022号,2022-04-26
上海市宝山区盘古路2618弄,2022-04-26
上海市宝山区祁华路300弄,2022-04-26
上海市宝山区祁华路655弄,2022-04-26
上海市宝山区前三营房,2022-04-26
上海市宝山区乾溪路300弄,2022-04-26
上海市宝山区庆安路77号,2022-04-26
上海市宝山区三门路485弄,2022-04-26
上海市宝山区三门路489弄,2022-04-26
上海市宝山区三门路555弄,2022-04-26
上海市宝山区三泉路1859弄,2022-04-26
上海市宝山区沙浦路128弄,2022-04-26
上海市宝山区上大路278号,2022-04-26
上海市宝山区上大路1288弄,2022-04-26
上海市宝山区韶山路245弄,2022-04-26
上海市宝山区韶山路348弄,2022-04-26
上海市宝山区韶山路419弄,2022-04-26
上海市宝山区盛桥老街14弄,2022-04-26
上海市宝山区市台路388号,2022-04-26
上海市宝山区市台路408弄,2022-04-26
上海市宝山区市一路220弄,2022-04-26
上海市宝山区水产路691号,2022-04-26
上海市宝山区水产路889号,2022-04-26
上海市宝山区水产路1298号,2022-04-26
上海市宝山区水产路1439号,2022-04-26
上海市宝山区水产路1458号,2022-04-26
上海市宝山区水产路1699号,2022-04-26
上海市宝山区水产路2199弄,2022-04-26
上海市宝山区水产西路200号,2022-04-26
上海市宝山区水产西路268弄,2022-04-26
上海市宝山区水产西路489弄,2022-04-26
上海市宝山区水产西路515弄,2022-04-26
上海市宝山区水产西路729弄,2022-04-26
上海市宝山区水产西路738号,2022-04-26
上海市宝山区松兰路198弄,2022-04-26
上海市宝山区松兰路233弄,2022-04-26
上海市宝山区松兰路507弄,2022-04-26
上海市宝山区淞宝路443号,2022-04-26
上海市宝山区淞滨路803弄,2022-04-26
上海市宝山区淞滨支路40弄,2022-04-26
上海市宝山区淞塘路98弄,2022-04-26
上海市宝山区苏家浜路435弄,2022-04-26
上海市宝山区绥化路158弄,2022-04-26
上海市宝山区绥化路260弄,2022-04-26
上海市宝山区塔虹路169号,2022-04-26
上海市宝山区泰和路678弄,2022-04-26
上海市宝山区泰和路1000号,2022-04-26
上海市宝山区泰和路1005号,2022-04-26
上海市宝山区泰和路1153号,2022-04-26
上海市宝山区泰和路1155号,2022-04-26
上海市宝山区泰和路1171弄,2022-04-26
上海市宝山区泰和路1175号,2022-04-26
上海市宝山区泰和路1288号,2022-04-26
上海市宝山区泰和路1415号,2022-04-26
上海市宝山区泰和路1417号,2022-04-26
上海市宝山区泰和路1425号,2022-04-26
上海市宝山区泰和路1500号,2022-04-26
上海市宝山区泰和西路3381弄,2022-04-26
上海市宝山区泰和西路3390弄,2022-04-26
上海市宝山区泰和西路3463弄,2022-04-26
上海市宝山区泰和西路3493弄,2022-04-26
上海市宝山区泰和西路3511弄,2022-04-26
上海市宝山区泰和西路3527弄,2022-04-26
上海市宝山区泰和支路1400号,2022-04-26
上海市宝山区泰兴桥200号,2022-04-26
上海市宝山区泰兴桥208号,2022-04-26
上海市宝山区泰兴桥210号,2022-04-26
上海市宝山区泰兴桥220号,2022-04-26
上海市宝山区泰兴桥250号,2022-04-26
上海市宝山区天家路200弄,2022-04-26
上海市宝山区铁城路1555号,2022-04-26
上海市宝山区铁峰路259号,2022-04-26
上海市宝山区铁峰路269号,2022-04-26
上海市宝山区铁峰路477号,2022-04-26
上海市宝山区铁峰路2000弄,2022-04-26
上海市宝山区铁峰路2041号,2022-04-26
上海市宝山区铁力路61号,2022-04-26
上海市宝山区铁力路88号,2022-04-26
上海市宝山区铁力路110号,2022-04-26
上海市宝山区铁力路388号,2022-04-26
上海市宝山区铁力路1498号,2022-04-26
上海市宝山区铁力路1506号,2022-04-26
上海市宝山区铁山路6号,2022-04-26
上海市宝山区铁山路9号,2022-04-26
上海市宝山区铁山路28号,2022-04-26
上海市宝山区铁山路38号,2022-04-26
上海市宝山区铁山路55号,2022-04-26
上海市宝山区铁山路69号,2022-04-26
上海市宝山区铁山路140号,2022-04-26
上海市宝山区铁山路149号,2022-04-26
上海市宝山区铁印路218号,2022-04-26
上海市宝山区通河路129弄,2022-04-26
上海市宝山区通南路328弄,2022-04-26
上海市宝山区通南路388号,2022-04-26
上海市宝山区通南路394号,2022-04-26
上海市宝山区同济路333号,2022-04-26
上海市宝山区同济路1111弄,2022-04-26
上海市宝山区同泰路135弄,2022-04-26
上海市宝山区纬地路88弄,2022-04-26
上海市宝山区汶水路1585弄,2022-04-26
上海市宝山区新川沙路1102号,2022-04-26
上海市宝山区新二路999弄,2022-04-26
上海市宝山区新二路1088弄,2022-04-26
上海市宝山区新沪路285弄,2022-04-26
上海市宝山区新沪路837弄,2022-04-26
上海市宝山区新沪路960弄,2022-04-26
上海市宝山区新沪路1059弄,2022-04-26
上海市宝山区新沪路1208号,2022-04-26
上海市宝山区杨南路618号,2022-04-26
上海市宝山区杨泰路35弄,2022-04-26
上海市宝山区杨泰路55弄,2022-04-26
上海市宝山区杨泰路99弄,2022-04-26
上海市宝山区杨泰路236号,2022-04-26
上海市宝山区杨泰路268弄,2022-04-26
上海市宝山区杨泰路328弄,2022-04-26
上海市宝山区杨泰路338弄,2022-04-26
上海市宝山区杨泰路345弄,2022-04-26
上海市宝山区杨泰路799号,2022-04-26
上海市宝山区杨泰路2158弄,2022-04-26
上海市宝山区杨桃路185弄,2022-04-26
上海市宝山区杨鑫路69号,2022-04-26
上海市宝山区杨鑫路98弄,2022-04-26
上海市宝山区杨鑫路451弄,2022-04-26
上海市宝山区杨宗路181号,2022-04-26
上海市宝山区杨宗路199号,2022-04-26
上海市宝山区杨宗路205号,2022-04-26
上海市宝山区业绩路88号,2022-04-26
上海市宝山区一二八纪念路55弄,2022-04-26
上海市宝山区一二八纪念路688弄,2022-04-26
上海市宝山区逸仙路1321弄,2022-04-26
上海市宝山区逸仙路1588弄,2022-04-26
上海市宝山区逸仙路3945号,2022-04-26
上海市宝山区逸仙路4000号,2022-04-26
上海市宝山区逸仙路4127号,2022-04-26
上海市宝山区殷高路21弄,2022-04-26
上海市宝山区影园路345弄,2022-04-26
上海市宝山区友谊路1136号,2022-04-26
上海市宝山区友谊路1500弄,2022-04-26
上海市宝山区友谊路1568弄,2022-04-26
上海市宝山区友谊路1999弄,2022-04-26
上海市宝山区友谊路2449号,2022-04-26
上海市宝山区友谊路2858弄,2022-04-26
上海市宝山区友谊西路101号,2022-04-26
上海市宝山区园光路138号,2022-04-26
上海市宝山区园光路189号,2022-04-26
上海市宝山区园泰北路918号,2022-04-26
上海市宝山区园泰路396号,2022-04-26
上海市宝山区月城路300弄,2022-04-26
上海市宝山区月川路98号,2022-04-26
上海市宝山区月辉路108弄,2022-04-26
上海市宝山区月罗公路120号,2022-04-26
上海市宝山区月罗公路340号,2022-04-26
上海市宝山区月罗公路567号,2022-04-26
上海市宝山区月罗路120号,2022-04-26
上海市宝山区月罗路160号,2022-04-26
上海市宝山区月罗路259弄,2022-04-26
上海市宝山区月罗路340号,2022-04-26
上海市宝山区月罗路868号,2022-04-26
上海市宝山区月罗路1116号,2022-04-26
上海市宝山区月罗路1201弄,2022-04-26
上海市宝山区月罗路1211号,2022-04-26
上海市宝山区云西路219弄,2022-04-26
上海市宝山区蕰川路1438弄,2022-04-26
上海市宝山区蕰川路1498弄,2022-04-26
上海市宝山区蕰川路1623弄,2022-04-26
上海市宝山区蕰川路1625弄,2022-04-26
上海市宝山区蕰川路1638号,2022-04-26
上海市宝山区蕰川路4515号,2022-04-26
上海市宝山区蕰川路5350弄,2022-04-26
上海市宝山区真陈路719号,2022-04-26
上海市宝山区真大路333弄,2022-04-26
上海市宝山区真华路1030弄,2022-04-26
上海市宝山区振园路269号,2022-04-26
上海市宝山区镇泰路308弄,2022-04-26
上海市宝山区镇泰路388弄,2022-04-26
上海市宝山区竹韵路58弄,2022-04-26
上海市宝山区八字桥村,2022-04-26
上海市宝山区宝钢四村,2022-04-26
上海市宝山区宝钢五村,2022-04-26
上海市宝山区宝钢六村,2022-04-26
上海市宝山区宝钢七村,2022-04-26
上海市宝山区宝钢九村,2022-04-26
上海市宝山区宝钢十一村,2022-04-26
上海市宝山区宝林二村,2022-04-26
上海市宝山区宝林六村,2022-04-26
上海市宝山区宝山一村,2022-04-26
上海市宝山区宝山八村,2022-04-26
上海市宝山区北金村,2022-04-26
上海市宝山区北宗村,2022-04-26
上海市宝山区蔡家弄村,2022-04-26
上海市宝山区场北村,2022-04-26
上海市宝山区东方红村,2022-04-26
上海市宝山区东街村,2022-04-26
上海市宝山区段泾村,2022-04-26
上海市宝山区高境一村,2022-04-26
上海市宝山区共富一村,2022-04-26
上海市宝山区共富二村,2022-04-26
上海市宝山区共富三村,2022-04-26
上海市宝山区共和一村,2022-04-26
上海市宝山区共和二村,2022-04-26
上海市宝山区共康五村,2022-04-26
上海市宝山区共康八村,2022-04-26
上海市宝山区归王村,2022-04-26
上海市宝山区海滨新村,2022-04-26
上海市宝山区海滨三村,2022-04-26
上海市宝山区海滨七村,2022-04-26
上海市宝山区海江二村,2022-04-26
上海市宝山区合建村,2022-04-26
上海市宝山区合众村,2022-04-26
上海市宝山区呼玛一村,2022-04-26
上海市宝山区呼玛二村,2022-04-26
上海市宝山区呼玛三村,2022-04-26
上海市宝山区呼玛四村,2022-04-26
上海市宝山区呼玛五村,2022-04-26
上海市宝山区江杨新村,2022-04-26
上海市宝山区菊泉新村,2022-04-26
上海市宝山区聚源桥村,2022-04-26
上海市宝山区康家村,2022-04-26
上海市宝山区老安村,2022-04-26
上海市宝山区联西村,2022-04-26
上海市宝山区罗南二村,2022-04-26
上海市宝山区罗溪村,2022-04-26
上海市宝山区湄浦村,2022-04-26
上海市宝山区南弄新村,2022-04-26
上海市宝山区炮台村,2022-04-26
上海市宝山区祁连一村,2022-04-26
上海市宝山区祁连二村,2022-04-26
上海市宝山区钱潘村,2022-04-26
上海市宝山区勤丰村,2022-04-26
上海市宝山区三星村,2022-04-26
上海市宝山区沈家桥村,2022-04-26
上海市宝山区沈巷村,2022-04-26
上海市宝山区沈杨村,2022-04-26
上海市宝山区盛桥一村,2022-04-26
上海市宝山区盛桥三村,2022-04-26
上海市宝山区盛宅村,2022-04-26
上海市宝山区泗东新村,2022-04-26
上海市宝山区泗塘一村,2022-04-26
上海市宝山区泗塘二村,2022-04-26
上海市宝山区泗塘三村,2022-04-26
上海市宝山区泗塘四村,2022-04-26
上海市宝山区泗塘五村,2022-04-26
上海市宝山区泗塘七村,2022-04-26
上海市宝山区泗塘八村,2022-04-26
上海市宝山区淞南新村,2022-04-26
上海市宝山区淞南二村,2022-04-26
上海市宝山区淞南四村,2022-04-26
上海市宝山区淞南五村,2022-04-26
上海市宝山区淞南六村,2022-04-26
上海市宝山区淞南七村,2022-04-26
上海市宝山区淞南八村,2022-04-26
上海市宝山区淞南九村,2022-04-26
上海市宝山区淞南十村,2022-04-26
上海市宝山区苏家村,2022-04-26
上海市宝山区谭杨村,2022-04-26
上海市宝山区桃园新村,2022-04-26
上海市宝山区通河一村,2022-04-26
上海市宝山区通河二村,2022-04-26
上海市宝山区通河三村,2022-04-26
上海市宝山区通河四村,2022-04-26
上海市宝山区通河六村,2022-04-26
上海市宝山区通河七村,2022-04-26
上海市宝山区通河八村,2022-04-26
上海市宝山区通河九村,2022-04-26
上海市宝山区王家村,2022-04-26
上海市宝山区五星村,2022-04-26
上海市宝山区西街村,2022-04-26
上海市宝山区西埝村,2022-04-26
上海市宝山区西西巷街,2022-04-26
上海市宝山区杨东村,2022-04-26
上海市宝山区杨泰一村,2022-04-26
上海市宝山区杨泰二村,2022-04-26
上海市宝山区杨泰三村,2022-04-26
上海市宝山区永清二村,2022-04-26
上海市宝山区月狮村,2022-04-26
上海市宝山区长春村,2022-04-26
上海市宝山区长征新村,2022-04-26
上海市宝山区镇东新村,2022-04-26
上海市宝山区朱家弄村,2022-04-26
上海市闵行区爱博二村,2022-04-26
上海市闵行区爱博五村,2022-04-26
上海市闵行区安乐村,2022-04-26
上海市闵行区保乐路666弄,2022-04-26
上海市闵行区北华路22弄工地,2022-04-26
上海市闵行区北桥村,2022-04-26
上海市闵行区北沈路260弄,2022-04-26
上海市闵行区北沈路98号,2022-04-26
上海市闵行区北吴路343弄,2022-04-26
上海市闵行区北吴路489号,2022-04-26
上海市闵行区北徐村,2022-04-26
上海市闵行区北翟路1550号,2022-04-26
上海市闵行区北翟路1556弄,2022-04-26
上海市闵行区北翟路2000弄70支弄,2022-04-26
上海市闵行区曹行村,2022-04-26
上海市闵行区曹家塘路220弄,2022-04-26
上海市闵行区曹建路201弄,2022-04-26
上海市闵行区曹建路220弄,2022-04-26
上海市闵行区曹中村,2022-04-26
上海市闵行区漕宝路1158弄,2022-04-26
上海市闵行区漕宝路1508弄,2022-04-26
上海市闵行区陈家角村,2022-04-26
上海市闵行区澄江路1290号,2022-04-26
上海市闵行区澄江路505号,2022-04-26
上海市闵行区春都路358弄,2022-04-26
上海市闵行区春都路75弄,2022-04-26
上海市闵行区春都路88弄,2022-04-26
上海市闵行区春申路1580弄,2022-04-26
上海市闵行区灯辉路501弄,2022-04-26
上海市闵行区东兰路1111弄,2022-04-26
上海市闵行区都会路2385号,2022-04-26
上海市闵行区都会路258号,2022-04-26
上海市闵行区都会路2849弄,2022-04-26
上海市闵行区都会路3199弄,2022-04-26
上海市闵行区都会路368号,2022-04-26
上海市闵行区都市路659号,2022-04-26
上海市闵行区繁安路59弄,2022-04-26
上海市闵行区繁安路600号,2022-04-26
上海市闵行区繁兴路300弄,2022-04-26
上海市闵行区繁兴路469弄,2022-04-26
上海市闵行区凤庆路1061弄,2022-04-26
上海市闵行区凤庆路58弄,2022-04-26
上海市闵行区富强街71号,2022-04-26
上海市闵行区共和村,2022-04-26
上海市闵行区古龙路1065弄,2022-04-26
上海市闵行区古龙路666弄,2022-04-26
上海市闵行区古美八村,2022-04-26
上海市闵行区古美路1458弄,2022-04-26
上海市闵行区古美路718弄,2022-04-26
上海市闵行区古美西路316弄,2022-04-26
上海市闵行区古美西路399弄,2022-04-26
上海市闵行区古美西路420弄,2022-04-26
上海市闵行区古美西路628弄,2022-04-26
上海市闵行区古美西路753弄,2022-04-26
上海市闵行区顾戴路1100弄,2022-04-26
上海市闵行区顾戴路1266弄,2022-04-26
上海市闵行区顾戴路1325弄,2022-04-26
上海市闵行区顾戴路2688号,2022-04-26
上海市闵行区光华路287号,2022-04-26
上海市闵行区光华路99号,2022-04-26
上海市闵行区光中路351号,2022-04-26
上海市闵行区广南路333弄,2022-04-26
上海市闵行区航华四村,2022-04-26
上海市闵行区鹤翔路180弄,2022-04-26
上海市闵行区恒德花苑,2022-04-26
上海市闵行区恒星村,2022-04-26
上海市闵行区虹梅路3201弄,2022-04-26
上海市闵行区虹梅南路1526弄,2022-04-26
上海市闵行区虹梅南路1555弄,2022-04-26
上海市闵行区虹梅南路1661弄,2022-04-26
上海市闵行区虹梅南路1770弄,2022-04-26
上海市闵行区虹梅南路1781弄,2022-04-26
上海市闵行区虹梅南路2555弄,2022-04-26
上海市闵行区虹梅南路3509弄,2022-04-26
上海市闵行区虹莘路2388弄,2022-04-26
上海市闵行区虹莘路2448弄,2022-04-26
上海市闵行区沪光路39弄,2022-04-26
上海市闵行区沪光路425弄,2022-04-26
上海市闵行区沪青平公路287号,2022-04-26
上海市闵行区华漕村,2022-04-26
上海市闵行区华翔路3788弄,2022-04-26
上海市闵行区汇舒路54弄,2022-04-26
上海市闵行区汇延路199弄,2022-04-26
上海市闵行区纪鹤路589弄,2022-04-26
上海市闵行区纪潭路200号工地,2022-04-26
上海市闵行区纪翟路450弄,2022-04-26
上海市闵行区季乐路1号工地,2022-04-26
上海市闵行区佳宝四村,2022-04-26
上海市闵行区剑川路201弄,2022-04-26
上海市闵行区剑川路50弄,2022-04-26
上海市闵行区江川路1565弄,2022-04-26
上海市闵行区江川路291弄,2022-04-26
上海市闵行区江川路456弄,2022-04-26
上海市闵行区江川路680弄,2022-04-26
上海市闵行区江鹏路632号,2022-04-26
上海市闵行区金丰路121弄,2022-04-26
上海市闵行区景谷中路58弄,2022-04-26
上海市闵行区景联路1111弄,2022-04-26
上海市闵行区景联路685号,2022-04-26
上海市闵行区老沪闵路1111弄,2022-04-26
上海市闵行区立民村,2022-04-26
上海市闵行区立跃路2795号,2022-04-26
上海市闵行区莲花路1058弄,2022-04-26
上海市闵行区莲花南路1108弄,2022-04-26
上海市闵行区莲花南路1111弄,2022-04-26
上海市闵行区莲花南路3185号,2022-04-26
上海市闵行区联航路1818弄,2022-04-26
上海市闵行区联航路联胜路口工地,2022-04-26
上海市闵行区龙柏四村,2022-04-26
上海市闵行区龙柏六村,2022-04-26
上海市闵行区龙茗路1699弄,2022-04-26
上海市闵行区龙吴路4377号,2022-04-26
上海市闵行区龙吴路4787弄,2022-04-26
上海市闵行区龙吴路5161号,2022-04-26
上海市闵行区龙吴路5530弄,2022-04-26
上海市闵行区龙吴路5688弄,2022-04-26
上海市闵行区龙州南路58弄,2022-04-26
上海市闵行区罗秀路1339弄,2022-04-26
上海市闵行区罗阳东三村,2022-04-26
上海市闵行区罗阳路258弄,2022-04-26
上海市闵行区罗阳路750弄,2022-04-26
上海市闵行区罗阳路800弄,2022-04-26
上海市闵行区绿莲路99弄,2022-04-26
上海市闵行区梅富路159号,2022-04-26
上海市闵行区梅陇一村,2022-04-26
上海市闵行区梅陇二村,2022-04-26
上海市闵行区民建村,2022-04-26
上海市闵行区闵驰一路299弄,2022-04-26
上海市闵行区闵驰一路302弄,2022-04-26
上海市闵行区平阳路59弄,2022-04-26
上海市闵行区平阳一村,2022-04-26
上海市闵行区浦涛路751弄,2022-04-26
上海市闵行区普杰路69弄,2022-04-26
上海市闵行区普乐路333弄,2022-04-26
上海市闵行区普乐路425弄,2022-04-26
上海市闵行区普乐路665弄,2022-04-26
上海市闵行区七宝南街,2022-04-26
上海市闵行区七莘路2855弄,2022-04-26
上海市闵行区七莘路2888号,2022-04-26
上海市闵行区七莘路3128弄25支弄,2022-04-26
上海市闵行区沁春路1366弄,2022-04-26
上海市闵行区沁春路168弄,2022-04-26
上海市闵行区三鲁公路2855号,2022-04-26
上海市闵行区三鲁公路4255号,2022-04-26
上海市闵行区三鲁路4381号,2022-04-26
上海市闵行区上中西路1011弄,2022-04-26
上海市闵行区上中西路1285弄,2022-04-26
上海市闵行区上中西路738弄,2022-04-26
上海市闵行区疏影路1111弄,2022-04-26
上海市闵行区曙建路185弄,2022-04-26
上海市闵行区曙建路66号,2022-04-26
上海市闵行区双柏路1512号,2022-04-26
上海市闵行区水清路1100弄,2022-04-26
上海市闵行区水清路1460弄,2022-04-26
上海市闵行区水清路992号,2022-04-26
上海市闵行区塘湾村,2022-04-26
上海市闵行区万源路986弄,2022-04-26
上海市闵行区王泥浜村,2022-04-26
上海市闵行区伟业路780弄,2022-04-26
上海市闵行区新建村,2022-04-26
上海市闵行区新镇路603弄,2022-04-26
上海市闵行区莘东路25号,2022-04-26
上海市闵行区莘松路958弄,2022-04-26
上海市闵行区莘松三村,2022-04-26
上海市闵行区莘朱路1760弄,2022-04-26
上海市闵行区莘朱路1924弄,2022-04-26
上海市闵行区莘朱路1935弄,2022-04-26
上海市闵行区莘朱路879弄,2022-04-26
上海市闵行区星火村,2022-04-26
上海市闵行区许泾村,2022-04-26
上海市闵行区许浦村,2022-04-26
上海市闵行区杨家巷村,2022-04-26
上海市闵行区业祥路111弄,2022-04-26
上海市闵行区益文路100弄,2022-04-26
上海市闵行区益文路101弄,2022-04-26
上海市闵行区银春路1799弄,2022-04-26
上海市闵行区银春路1800弄,2022-04-26
上海市闵行区银都路2688弄,2022-04-26
上海市闵行区银都路3118弄,2022-04-26
上海市闵行区银林路1002弄,2022-04-26
上海市闵行区银林路100弄,2022-04-26
上海市闵行区永联村,2022-04-26
上海市闵行区永颂路198弄,2022-04-26
上海市闵行区闸航路2589弄,2022-04-26
上海市闵行区张虹路125弄,2022-04-26
上海市闵行区召楼路2266弄,2022-04-26
上海市闵行区镇企路9号,2022-04-26
上海市闵行区中沟路400弄,2022-04-26
上海市闵行区中心村,2022-04-26
上海市闵行区朱行路12号,2022-04-26
上海市闵行区朱行路199号,2022-04-26
上海市闵行区朱梅路266弄,2022-04-26
上海市闵行区诸翟村,2022-04-26
上海市闵行区颛桥河北西街,2022-04-26
上海市闵行区颛盛路135弄,2022-04-26
上海市闵行区颛兴路345弄,2022-04-26
上海市闵行区颛兴路666弄,2022-04-26
上海市嘉定区阿克苏路66弄,2022-04-26
上海市嘉定区爱特路276号,2022-04-26
上海市嘉定区安辰路伊宁路交叉口工地,2022-04-26
上海市嘉定区百安公路898号,2022-04-26
上海市嘉定区宝安公路4188号工地,2022-04-26
上海市嘉定区宝翔路560弄,2022-04-26
上海市嘉定区北管村,2022-04-26
上海市嘉定区仓场村,2022-04-26
上海市嘉定区曹安公路1775号,2022-04-26
上海市嘉定区曹安公路1991号,2022-04-26
上海市嘉定区昌吉路231弄,2022-04-26
上海市嘉定区陈翔公路2288弄,2022-04-26
上海市嘉定区陈翔公路699号,2022-04-26
上海市嘉定区陈翔路100号,2022-04-26
上海市嘉定区陈翔路88号,2022-04-26
上海市嘉定区城中路285号,2022-04-26
上海市嘉定区春浓路33号,2022-04-26
上海市嘉定区大宏村,2022-04-26
上海市嘉定区德富路双丁路工棚,2022-04-26
上海市嘉定区德华路79弄,2022-04-26
上海市嘉定区德力西路128号,2022-04-26
上海市嘉定区德力西路168号,2022-04-26
上海市嘉定区德立路88弄,2022-04-26
上海市嘉定区德园路1509弄,2022-04-26
上海市嘉定区德园路366弄,2022-04-26
上海市嘉定区德园路955弄,2022-04-26
上海市嘉定区德园南路508弄,2022-04-26
上海市嘉定区樊家村,2022-04-26
上海市嘉定区方南路401弄,2022-04-26
上海市嘉定区方园路1118号,2022-04-26
上海市嘉定区丰功路968号,2022-04-26
上海市嘉定区丰饶路505号,2022-04-26
上海市嘉定区丰庄北路477弄,2022-04-26
上海市嘉定区丰庄三队,2022-04-26
上海市嘉定区丰庄西路558弄,2022-04-26
上海市嘉定区封周路368弄,2022-04-26
上海市嘉定区封周路508弄,2022-04-26
上海市嘉定区高潮路695号,2022-04-26
上海市嘉定区海川路58弄,2022-04-26
上海市嘉定区鹤望路365弄,2022-04-26
上海市嘉定区鹤霞路555弄,2022-04-26
上海市嘉定区鹤友路336弄,2022-04-26
上海市嘉定区沪太路9276弄,2022-04-26
上海市嘉定区沪宜公路2516号,2022-04-26
上海市嘉定区华江路136弄,2022-04-26
上海市嘉定区华江支路328弄,2022-04-26
上海市嘉定区华江支路677弄,2022-04-26
上海市嘉定区嘉松北路6130弄,2022-04-26
上海市嘉定区嘉新公路1065号,2022-04-26
上海市嘉定区嘉新公路1515号,2022-04-26
上海市嘉定区嘉新公路835弄,2022-04-26
上海市嘉定区嘉行公路3757弄,2022-04-26
上海市嘉定区嘉峪关路379弄,2022-04-26
上海市嘉定区嘉峪关路380弄,2022-04-26
上海市嘉定区金沙江路2733号,2022-04-26
上海市嘉定区金沙江路3131号,2022-04-26
上海市嘉定区金沙江支路200号,2022-04-26
上海市嘉定区金汤路655弄,2022-04-26
上海市嘉定区金通路1737弄,2022-04-26
上海市嘉定区金通路1968弄,2022-04-26
上海市嘉定区金耀路555弄,2022-04-26
上海市嘉定区金耀南路80弄,2022-04-26
上海市嘉定区金园六路555号,2022-04-26
上海市嘉定区金园三路326号,2022-04-26
上海市嘉定区金园一路1115弄,2022-04-26
上海市嘉定区金园一路1118弄,2022-04-26
上海市嘉定区金运路199弄,2022-04-26
上海市嘉定区金运路666号,2022-04-26
上海市嘉定区科盛路1051号,2022-04-26
上海市嘉定区李家村,2022-04-26
上海市嘉定区立新村,2022-04-26
上海市嘉定区立新路35号,2022-04-26
上海市嘉定区立新路80弄,2022-04-26
上海市嘉定区区,2022-04-26
上海市嘉定区临洮路343号,2022-04-26
上海市嘉定区临夏路1000弄,2022-04-26
上海市嘉定区临夏路801弄,2022-04-26
上海市嘉定区梅园路300弄,2022-04-26
上海市嘉定区南华路101弄,2022-04-26
上海市嘉定区南苑五村,2022-04-26
上海市嘉定区清河路420弄,2022-04-26
上海市嘉定区曲江路100弄,2022-04-26
上海市嘉定区日永路18号,2022-04-26
上海市嘉定区日永路88号,2022-04-26
上海市嘉定区尚学路238号,2022-04-26
上海市嘉定区沈徐路128弄,2022-04-26
上海市嘉定区胜利街123号,2022-04-26
上海市嘉定区胜利街175弄,2022-04-26
上海市嘉定区胜利街189弄,2022-04-26
上海市嘉定区胜利街195弄,2022-04-26
上海市嘉定区曙光村,2022-04-26
上海市嘉定区双单路65号,2022-04-26
上海市嘉定区双单路德立路工地,2022-04-26
上海市嘉定区顺丰路508号,2022-04-26
上海市嘉定区腾飞支路28号,2022-04-26
上海市嘉定区铜川路2288弄,2022-04-26
上海市嘉定区望新村,2022-04-26
上海市嘉定区纬五路188号,2022-04-26
上海市嘉定区五四村,2022-04-26
上海市嘉定区武都路100弄,2022-04-26
上海市嘉定区翔黄公路96号,2022-04-26
上海市嘉定区新丰村,2022-04-26
上海市嘉定区新华村,2022-04-26
上海市嘉定区新江村,2022-04-26
上海市嘉定区新徕路581号,2022-04-26
上海市嘉定区新裕村,2022-04-26
上海市嘉定区星华公路642号,2022-04-26
上海市嘉定区星火村,2022-04-26
上海市嘉定区亚钢路最西侧工地,2022-04-26
上海市嘉定区银翔路1227弄,2022-04-26
上海市嘉定区玉桂路74弄,2022-04-26
上海市嘉定区育绿路301弄,2022-04-26
上海市嘉定区园汽路90号,2022-04-26
上海市嘉定区震川路17号,2022-04-26
上海市金山区建农村,2022-04-26
上海市松江区伴亭路855弄,2022-04-26
上海市松江区宝胜路33号,2022-04-26
上海市松江区北松公路4654弄,2022-04-26
上海市松江区北松公路4888号,2022-04-26
上海市松江区北松公路4999弄,2022-04-26
上海市松江区滨湖路585弄,2022-04-26
上海市松江区场西路155弄,2022-04-26
上海市松江区车香路253号,2022-04-26
上海市松江区辰花路839弄,2022-04-26
上海市松江区陈春公路130号,2022-04-26
上海市松江区陈春公路555弄,2022-04-26
上海市松江区淡家浜街88弄,2022-04-26
上海市松江区方泗公路406号,2022-04-26
上海市松江区方泗路38弄,2022-04-26
上海市松江区坊东路158号,2022-04-26
上海市松江区古楼公路1198弄,2022-04-26
上海市松江区古楼公路1858弄,2022-04-26
上海市松江区古楼公路656弄,2022-04-26
上海市松江区鼓浪路588号,2022-04-26
上海市松江区光星路1688号,2022-04-26
上海市松江区鹤诸路28号,2022-04-26
上海市松江区横港路155弄,2022-04-26
上海市松江区横塘桥村,2022-04-26
上海市松江区沪松公路2511弄,2022-04-26
上海市松江区沪松公路2516号,2022-04-26
上海市松江区沪松公路2871弄,2022-04-26
上海市松江区沪松公路3023号,2022-04-26
上海市松江区沪亭北路1001弄,2022-04-26
上海市松江区沪亭北路1080弄,2022-04-26
上海市松江区沪亭北路218号,2022-04-26
上海市松江区沪亭北路900弄,2022-04-26
上海市松江区沪亭南路290弄,2022-04-26
上海市松江区回业路363号,2022-04-26
上海市松江区锦昔路631号,2022-04-26
上海市松江区九干路1174弄,2022-04-26
上海市松江区九亭大街851弄,2022-04-26
上海市松江区九新公路218弄,2022-04-26
上海市松江区涞坊路1399弄,2022-04-26
上海市松江区涞坊路288弄,2022-04-26
上海市松江区涞亭南路289弄,2022-04-26
上海市松江区涞寅路658弄,2022-04-26
上海市松江区朗亭路588弄,2022-04-26
上海市松江区联阳路12弄,2022-04-26
上海市松江区联阳路308号,2022-04-26
上海市松江区联营路141号,2022-04-26
上海市松江区联营路333弄,2022-04-26
上海市松江区联营路88弄,2022-04-26
上海市松江区龙金路180弄,2022-04-26
上海市松江区卖新公路1028号,2022-04-26
上海市松江区米易路45弄,2022-04-26
上海市松江区闵塔路1751弄,2022-04-26
上海市松江区明中路1777弄,2022-04-26
上海市松江区南乐路1276弄,2022-04-26
上海市松江区南乐路168号,2022-04-26
上海市松江区南姚路139弄,2022-04-26
上海市松江区南姚路38弄,2022-04-26
上海市松江区彭家村,2022-04-26
上海市松江区茜浦路600弄,2022-04-26
上海市松江区青城山路400弄,2022-04-26
上海市松江区茸华路501号,2022-04-26
上海市松江区茸江路700号,2022-04-26
上海市松江区茸江路930弄,2022-04-26
上海市松江区三浜路668号,2022-04-26
上海市松江区三新北路900弄,2022-04-26
上海市松江区申港路125号,2022-04-26
上海市松江区申港路50弄,2022-04-26
上海市松江区莘砖公路518号,2022-04-26
上海市松江区思贤路1855弄,2022-04-26
上海市松江区泗陈公路388弄,2022-04-26
上海市松江区松东路272号,2022-04-26
上海市松江区松沪公路2511弄,2022-04-26
上海市松江区同乐路354号,2022-04-26
上海市松江区同利路2号,2022-04-26
上海市松江区同利路59号,2022-04-26
上海市松江区文诚路2000弄,2022-04-26
上海市松江区香闵路1055号,2022-04-26
上海市松江区新飞路1756号,2022-04-26
上海市松江区新飞路901号,2022-04-26
上海市松江区新飞路961号,2022-04-26
上海市松江区叶亭路28号,2022-04-26
上海市松江区寅青路175号,2022-04-26
上海市松江区影城路47号,2022-04-26
上海市松江区影佳路123弄,2022-04-26
上海市松江区云恩路58弄,2022-04-26
上海市松江区云恩路59弄,2022-04-26
上海市松江区泽悦路88弄,2022-04-26
上海市松江区长水街277弄,2022-04-26
上海市松江区振兴路128弄,2022-04-26
上海市松江区中心路275弄,2022-04-26
上海市松江区中心路503弄,2022-04-26
上海市松江区朱龙村,2022-04-26
上海市青浦区淀湖路145弄,2022-04-26
上海市青浦区高光路479号,2022-04-26
上海市青浦区高泾路999弄,2022-04-26
上海市青浦区光联村,2022-04-26
上海市青浦区光联路,2022-04-26
上海市青浦区光联一路诸光路,2022-04-26
上海市青浦区沪青平公路1481弄,2022-04-26
上海市青浦区华隆路1790号,2022-04-26
上海市青浦区华徐公路58号,2022-04-26
上海市青浦区华徐公路68号,2022-04-26
上海市青浦区华徐公路振泾路,2022-04-26
上海市青浦区汇龙路印氏达路,2022-04-26
上海市青浦区纪秀路158弄,2022-04-26
上海市青浦区金项村,2022-04-26
上海市青浦区京华路187弄,2022-04-26
上海市青浦区京华路215号,2022-04-26
上海市青浦区涞清路56号,2022-04-26
上海市青浦区涞清路84号,2022-04-26
上海市青浦区乐爱路333弄,2022-04-26
上海市青浦区练新路,2022-04-26
上海市青浦区龙联路108弄,2022-04-26
上海市青浦区龙联路208弄,2022-04-26
上海市青浦区龙联路239号,2022-04-26
上海市青浦区龙联路259号,2022-04-26
上海市青浦区龙联路369号,2022-04-26
上海市青浦区龙联路58弄,2022-04-26
上海市青浦区龙联路蟠秀路,2022-04-26
上海市青浦区蟠龙路68号,2022-04-26
上海市青浦区蟠龙路蟠秀路,2022-04-26
上海市青浦区蟠龙路天山西路,2022-04-26
上海市青浦区蟠秀路100号,2022-04-26
上海市青浦区蟠秀路282号,2022-04-26
上海市青浦区三星街123弄,2022-04-26
上海市青浦区嵩山村,2022-04-26
上海市青浦区塘郁村,2022-04-26
上海市青浦区万隆村,2022-04-26
上海市青浦区谢卫路229弄,2022-04-26
上海市青浦区谢卫路258弄,2022-04-26
上海市青浦区新凤中路1800弄,2022-04-26
上海市青浦区新凤中路899弄,2022-04-26
上海市青浦区新府中路1331弄,2022-04-26
上海市青浦区新府中路1399弄,2022-04-26
上海市青浦区秀沁路132弄,2022-04-26
上海市青浦区徐灵路200弄,2022-04-26
上海市青浦区徐灵路300弄,2022-04-26
上海市青浦区徐南路666号,2022-04-26
上海市青浦区徐盈路1188弄,2022-04-26
上海市青浦区盈港东路1389号,2022-04-26
上海市青浦区盈港东路231号,2022-04-26
上海市青浦区盈港东路7755号,2022-04-26
上海市青浦区盈港东路诸光路,2022-04-26
上海市青浦区盈港路1880弄,2022-04-26
上海市青浦区育才路451弄,2022-04-26
上海市青浦区育才路华徐公路,2022-04-26
上海市青浦区赵华路301弄,2022-04-26
上海市青浦区朱枫公路38号,2022-04-26
上海市青浦区诸光路1355弄,2022-04-26
上海市青浦区诸光路479号,2022-04-26
上海市青浦区诸光路488号,2022-04-26
上海市青浦区诸光路495号,2022-04-26
上海市青浦区诸光路498号,2022-04-26
上海市青浦区诸光路光联路,2022-04-26
上海市青浦区诸陆西路852号,2022-04-26
上海市奉贤区海旗路1518号,2022-04-26
上海市奉贤区沪杭公路66弄,2022-04-26
上海市奉贤区金海公路3265号,2022-04-26
上海市奉贤区肖塘路255弄,2022-04-26
上海市奉贤区资福村,2022-04-26
上海市崇明区江南大道,2022-04-26
上海市崇明区长凯路128号,2022-04-26
