,date,link
0,2022-03-18,http://wsjkw.sh.gov.cn/xwfb/20220319/dc5938b3d12d4d86be7470ae03beac1c.html
1,2022-03-19,http://wsjkw.sh.gov.cn/xwfb/20220320/f9f1683cf055471fb1a67b8586e36660.html
2,2022-03-20,http://wsjkw.sh.gov.cn/xwfb/20220321/2cda1b24b5304d118352bdfd32af0aa4.html
3,2022-03-22,http://wsjkw.sh.gov.cn/xwfb/20220323/dd54a58cdf524a51af5ba113adc6730f.html
4,2022-03-23,http://wsjkw.sh.gov.cn/xwfb/20220324/a8643ae53c7644f597cd88b8f2f4d8c4.html
5,2022-03-24,http://wsjkw.sh.gov.cn/xwfb/20220325/a76fbb6a18f542cda80fa9a9a4b08dd3.html
6,2022-03-25,http://wsjkw.sh.gov.cn/xwfb/20220326/ff80e7e71f00478abf80a7d057e1683b.html
7,2022-03-26,http://wsjkw.sh.gov.cn/xwfb/20220327/09cfe78deb4041098d0042010fabdfeb.html
8,2022-03-27,http://wsjkw.sh.gov.cn/xwfb/20220328/12b074e3958e448ab6bfb52e739d1d1e.html
9,2022-03-28,http://wsjkw.sh.gov.cn/xwfb/20220329/b7430a2b3e04483c9d7ac6e4f4d4cf68.html
10,2022-03-29,http://wsjkw.sh.gov.cn/xwfb/20220330/8d4f5179f1ef43da91c2d63cd906bfeb.html
11,2022-03-30,http://wsjkw.sh.gov.cn/xwfb/20220331/e86a298aecdf4e94b1796089e943054b.html
12,2022-03-31,http://wsjkw.sh.gov.cn/xwfb/20220401/8c101d231d5644df8ed92d6bdbfab236.html
13,2022-04-01,http://wsjkw.sh.gov.cn/xwfb/20220402/e4dfcc8e58b14b3e8dab46d60ff6d767.html
14,2022-04-02,http://wsjkw.sh.gov.cn/xwfb/20220403/c389b92483534c089fccd3f172c68595.html
15,2022-04-03,http://wsjkw.sh.gov.cn/xwfb/20220404/ff41c17c2bec4154b800f22040d3754a.html
16,2022-04-04,http://wsjkw.sh.gov.cn/xwfb/20220405/4c6aec72ef47453ba2a5643fad214b2a.html
17,2022-04-05,https://mp.weixin.qq.com/s/djwW3S9FUYBE2L5Hj94a3A
18,2022-04-06,https://mp.weixin.qq.com/s/8bljTUplPh1q4MXb6wd_gg
19,2022-04-07,https://mp.weixin.qq.com/s/HTM47mUp0GF-tWXkPeZJlg
20,2022-04-08,https://mp.weixin.qq.com/s/79NsKhMHbg09Y0xaybTXjA
21,2022-04-09,https://mp.weixin.qq.com/s/_Je5_5_HqBcs5chvH5SFfA
22,2022-04-10,https://mp.weixin.qq.com/s/u0XfHF8dgfEp8vGjRtcwXA
23,2022-04-11,https://mp.weixin.qq.com/s/vxFiV2HeSvByINUlTmFKZA
24,2022-04-12,https://mp.weixin.qq.com/s/OZGM-pNkefZqWr0IFRJj1g
25,2022-04-13,https://mp.weixin.qq.com/s/L9AffT-SoEBV4puBa_mRqg
26,2022-04-14,https://mp.weixin.qq.com/s/5T76lht3s6g_KTiIx3XAYw
27,2022-04-15,https://mp.weixin.qq.com/s/ZkhimhWpa92I2EWn3hmd8w
28,2022-04-16,https://mp.weixin.qq.com/s/dRa-PExJr1qkRis88eGCnQ
29,2022-04-17,https://mp.weixin.qq.com/s/LguiUZj-zxy4xy19WO0_UA
30,2022-04-18,https://mp.weixin.qq.com/s/GWI6LxYLHOvv1dioN5olxg
31,2022-04-19,https://mp.weixin.qq.com/s/puNUP9bjYlZNELsse09Z0w
32,2022-04-20,https://mp.weixin.qq.com/s/8qCvsE578Ehz6UcWYRBfXw
33,2022-04-21,https://mp.weixin.qq.com/s/qFvUyEB-R-GKP7vgKR-c3A
